date,rating,title_review
2020-01-03 03:11:29,4,"['purchase', 'ali', 'express', 'great', 'experience', 'far', 'hope', 'pay', 'purchase', 'aliexpress', 'future']"
2020-01-05 05:58:26,5,"['verification', 'error', 'account', 'labled', 'duplicate', 'account', 'already', 'send', 'email', 'one', 'reply']"
2020-01-06 03:34:12,5,"['nice', 'great', 'convenient', 'useful', 'lot', 'surprise', 'guarantee', 'give', 'rebate', 'power', 'paymaya', 'horaaaaaaayyy']"
2020-01-10 04:52:05,5,"['sad', 'review', 'poor', 'customer', 'service']"
2020-01-19 03:38:01,5,"['inconsistent', 'almost', 'ate', 'money', 'issue', 'since', 'sometimes', 'use', 'grab', 'driver', 'cancel', 'deducts', 'account', 'refund', 'process', 'cumbersome', 'well', 'I', 'would', 'rather', 'delete', 'waste', 'money']"
2020-01-27 18:37:39,5,"['paymaya', 'need', 'guy', 'never', 'ever', 'get', 'tire', 'recommend', 'people', 'know', 'come', 'across', 'paymaya', 'sometime', 'ago', 'first', 'think', 'ewallet', 'clutter', 'phone', 'tell', 'download', 'best', 'thing', 'ever', 'happen', 'useful', 'quite', 'generous', 'come', 'deal', 'whatnot', 'could', 'gove', 'guy', 'star', 'rating', 'I', 'paymaya', 'avid', 'user', 'almost', 'never', 'ever', 'encounter', 'problem', 'kudos', 'guy', 'behind', 'amazing', 'tool', 'look', 'forward', 'relevant', 'promos', 'soon']"
2020-01-31 04:40:19,4,"['access', 'paybill', 'account', 'already', 'upgraded', 'access', 'paybill']"
2020-02-02 14:18:46,5,"['best', 'know', 'use', 'go', 'make', 'life', 'much', 'easy', 'pay', 'bill', 'get', 'send', 'money', 'anyone', 'without', 'hassle', 'oh', 'also', 'send', 'load', 'cheap', 'price', 'additional', 'fee', 'glad', 'friend', 'indroduced', 'also', 'use', 'pay', 'online', 'purchase', 'like', 'netflix', 'spotify', 'I', 'write', 'review', 'I', 'satisfied', 'believe', 'many', 'bad', 'review', 'maybe', 'know', 'use', 'anyways', 'give', 'chance']"
2020-02-05 03:53:58,5,"['great', 'convenient', 'online', 'shopping']"
2020-02-05 06:40:16,5,"['helpful', 'thanks', 'paymaya']"
2020-02-05 06:43:50,5,"['paymayaaa', 'great']"
2020-02-05 06:48:06,5,"['cool', 'innovative', 'help', 'everyday', 'transaction']"
2020-02-06 02:00:57,5,"['paymaya', 'review']"
2020-02-06 07:04:18,5,"['great', 'service', 'really', 'convenient', 'easily', 'integrate', 'anyones', 'life', 'especially', 'student']"
2020-02-06 07:04:33,5,"['rfid', 'paymaya', 'versatile', 'I', 'glad', 'part', 'rfid', 'transaction', 'easy']"
2020-02-06 07:07:56,5,"['perfect', 'best', 'ever', 'id', 'link', 'paymaya', 'convenient']"
2020-02-08 01:13:24,5,"['paymaya', 'bank', 'ph', 'come', 'money', 'lot', 'thing', 'hassle', 'even', 'paymaya', 'like', 'call', 'someone', 'check', 'need', 'pas', 'call', 'get', 'do', 'day', 'even', 'visit', 'freaking', 'local', 'branch', 'customer', 'service', 'help', 'online', 'transaction', 'seriously', 'paymaya', 'good', 'enough', 'deal', 'transaction', 'via', 'virtual', 'card', 'compare', 'bank', 'ph', 'paymaya', 'lot', 'good', 'honest', 'keep']"
2020-02-09 02:10:11,5,"['accesible', 'hope', 'gasoline', 'station']"
2020-02-10 03:13:07,5,"['help', 'customer', 'fast', 'time', 'trouble', 'appreciated', 'fast', 'service', 'solve', 'problem', 'customer', 'prevent', 'happen', 'thankyou', 'team', 'paymaya']"
2020-02-12 17:11:46,5,"['best', 'virtual', 'card', 'love', 'use', 'payment', 'highly', 'recommend', 'hassle', 'free']"
2020-02-14 01:40:28,5,"['atm', 'dispute', 'learn', 'like', 'paymaya', 'cash', 'back', 'reward', 'program', 'ability', 'use', 'online', 'purchase', 'convenience', 'able', 'fund', 'realtime', 'store', 'bpi', 'saving', 'could', 'even', 'borrow', 'small', 'sum', 'money', 'little', 'interest', 'think', 'best', 'I', 'ever', 'issue', 'atm', 'withdrawal', 'make', 'two', 'withdrawal', 'attempt', 'first', 'transaction', 'cancel', 'first', 'transaction', 'still', 'debit', 'reverse', 'end', 'negative', 'balance', 'could', 'use', 'remain', 'fund', 'call', 'paymaya', 'tell', 'would', 'take', 'two', 'business', 'day', 'research', 'issue', 'resolve', 'wait', 'third', 'business', 'day', 'still', 'negative', 'balance', 'call', 'utter', 'disappointment', 'tell', 'wait', 'apparently', 'thought', 'case', 'research', 'actually', 'waiting', 'time', 'transaction', 'reverse', 'ask', 'speak', 'supervisor', 'tell', 'wait', 'another', 'week', 'could', 'believe', 'money', 'money', 'need', 'use', 'fault', 'completely', 'lose', 'access', 'paymaya', 'could', 'anything', 'make', 'fund', 'available', 'receive', 'reversal', 'account', 'business', 'day', 'use', 'since', 'never', 'issue', 'first', 'time', 'reach', 'customer', 'service', 'treat', 'like', 'joke', 'might', 'continue', 'use', 'service', 'longer', 'trust', 'money', 'good', 'hand', 'paymaya', 'consider', 'use', 'reservoir', 'cash', 'flow', 'change', 'mind', 'paymaya', 'great', 'product', 'terrible', 'customer', 'experience']"
2020-02-14 16:25:55,5,"['get', 'well', 'look', 'forward', 'new', 'feature']"
2020-02-21 14:27:39,5,"['look', 'invite', 'code', 'hi', 'guy', 'use', 'invite', 'code', 'free', 'thank', 'much']"
2020-02-26 10:57:05,5,"['poor', 'customer', 'service', 'grabe', 'customer', 'service', 'super', 'poor', 'sobrang', 'tagal', 'sagutin', 'yung', 'tawag', 'minute', 'sagutin', 'tapos', 'parang', 'galit', 'yung', 'sumagot', 'please', 'improve', 'customer', 'service', 'super', 'duper', 'poor']"
2020-03-03 06:41:43,5,"['payment', 'post', 'week', 'go', 'use', 'paymaya', 'bill', 'payment', 'payment', 'yet', 'post', 'still', 'unpaid', 'bill', 'globe', 'primewater', 'bill', 'happen', 'kindly', 'give', 'answer', 'regard', 'hassle', 'possible', 'cut', 'line']"
2020-03-04 14:42:33,4,"['finger', 'print', 'go', 'remove', 'finger', 'print', 'login', 'feature', 'tho']"
2020-03-05 23:45:18,5,"['dark', 'mode', 'please', 'implement', 'io', 'dark', 'mode']"
2020-03-09 07:45:58,5,"['issue', 'somebody', 'paymaya', 'team', 'advise', 'good', 'go', 'thank', 'response']"
2020-03-11 12:10:39,5,"['bill', 'payment', 'want', 'suggest', 'please', 'add', 'biller', 'citibank', 'credit', 'card', 'payment', 'paymaya', 'great', 'power']"
2020-03-16 16:51:57,5,"['nice', 'great', 'mobile', 'transaction']"
2020-03-20 07:22:52,5,"['good', 'appp', 'good']"
2020-03-26 15:51:58,5,"['remove', 'cashin', 'remove', 'cashin']"
2020-03-29 14:10:31,4,"['ministop', 'add', 'money', 'option', 'hassle', 'ministop', 'partner', 'offline', 'bother', 'try', 'go', 'ministop', 'add', 'fund', 'waste', 'time', 'remove', 'ministop', 'option', 'add', 'money']"
2020-03-30 01:10:54,5,"['bad', 'service', 'contact', 'payment', 'make', 'via', 'payment', 'reach', 'biller', 'two', 'week', 'since', 'payment', 'make', 'write', 'contact', 'via', 'email', 'messenger', 'call', 'avail', 'one', 'respond', 'resolution', 'offer', 'help', 'line', 'cut', 'extra', 'pay', 'bill', 'twice', 'disappointing', 'update', 'ticket', 'provide', 'check', 'email', 'miyuki', 'reply', 'ask', 'detail', 'last', 'march', 'reference', 'isent', 'screenshot', 'email', 'paymaya', 'care', 'messenger', 'provide', 'day', 'get', 'response', 'since', 'also', 'communicate', 'via', 'paymaya', 'care', 'get', 'response', 'either', 'followedup', 'last', 'march', 'via', 'email', 'messenger', 'still', 'response']"
2020-04-16 00:31:32,5,"['upgrade', 'upgrade', 'account', 'try', 'message', 'guy', 'one', 'respond', 'need', 'send', 'money']"
2020-04-22 03:43:07,5,"['great', 'service', 'need', 'month', 'ago', 'whenever', 'purchase', 'ingame', 'charge', 'real', 'time', 'hope', 'could', 'address', 'thanks']"
2020-04-22 04:49:02,5,"['best', 'mobile', 'payment', 'aggregator', 'paymaya', 'always', 'improve', 'payment', 'service', 'add', 'money', 'credit', 'card', 'facility', 'big', 'plus', 'service']"
2020-04-29 16:57:36,5,"['improve', 'monthly', 'limit', 'like', 'everything', 'paymaya', 'make', 'online', 'transaction', 'easier', 'without', 'need', 'bank', 'thing', 'account', 'limit', 'little', 'low', 'need', 'increase', 'another', 'since', 'I', 'like', 'debit', 'card', 'buy', 'grocery', 'stuff', 'would', 'willing', 'send', 'verification', 'need', 'star']"
2020-05-02 00:32:23,5,"['network', 'try', 'instal', 'disallow', 'join', 'I', 'use', 'globe', 'service', 'provider', 'please', 'open', 'mind']"
2020-05-06 02:11:56,5,"['user', 'friendly', 'easy', 'use']"
2020-05-09 08:04:38,5,"['please', 'include', 'save', 'bank', 'transfer', 'info', 'please', 'let', 'u', 'save', 'biller', 'list', 'info', 'bank', 'transfer', 'make', 'send', 'without', 'type', 'info']"
2020-05-10 01:29:23,5,"['load', 'option', 'really', 'good', 'would', 'wonderful', 'see', 'option', 'come', 'load', 'would', 'love', 'see', 'option', 'like', 'denomination', 'flexibility', 'also', 'would', 'great', 'minimum', 'make', 'affordable', 'thank', 'great']"
2020-05-12 07:44:09,5,"['like', 'added', 'security', 'like', 'added', 'otp', 'feature', 'additional', 'layer', 'security', 'others', 'like', 'plus', 'paymaya', 'rather', 'enter', 'otp', 'sorry', 'later', 'useful', 'pay', 'ss', 'even', 'international', 'online', 'purchase']"
2020-05-13 13:57:28,5,"['best', 'pay', 'I', 'ever', 'see', 'dude', 'buy', 'robux', 'omg', 'thank']"
2020-05-15 07:01:02,5,"['fund', 'transfer', 'problem', 'fund', 'transfer', 'list', 'bank', 'loading', 'proceed', 'fund', 'transfer', 'account', 'hopefully', 'problem', 'solve', 'use', 'iphone']"
2020-05-16 01:53:14,5,"['fail', 'transfer', 'amount', 'refund', 'try', 'transfer', 'amount', 'time', 'account', 'fail', 'reason', 'know', 'refund', 'twice', 'money', 'go', 'even', 'contact', 'customer', 'support', 'telephone', 'due', 'lot', 'call', 'customer', 'messenger', 'support', 'even', 'respond', 'I', 'dismayed', 'ronnie', 'f', 'alvarez']"
2020-05-16 07:31:43,5,"['billers', 'available', 'try', 'browse', 'pay', 'bill', 'sana', 'magbayad', 'bill', 'meralco', 'pldt', 'bpi', 'buksan', 'menu', 'pay', 'wala', 'billers', 'meron', 'lang', 'smart', 'maynilad', 'prine', 'water', 'buti', 'nakapgdeposit', 'nagkataon', 'makuha', 'cash', 'money', 'lalo', 'nka', 'ecq']"
2020-05-17 02:51:27,5,"['inconvenience', 'fine', 'hi', 'service', 'unreliable', 'customer', 'service', 'support', 'hopeless', 'become', 'nightmare', 'soon', 'credit', 'use', 'put', 'credit', 'smart', 'apply', 'mvp', 'rebate']"
2020-05-18 18:06:31,4,"['cool', 'try', 'cool', 'online', 'apps']"
2020-05-19 09:55:35,5,"['bad', 'service', 'wag', 'nyo', 'ipagkatiwala', 'pera', 'nyo', 'dto', 'katiwatiwala', 'april', 'nag', 'bank', 'transfer', 'malaman', 'pera', 'ilang', 'be', 'tumawag', 'hotline', 'paulit', 'ulit', 'lang', 'sinasabi', 'ngaung', 'araw', 'nangako', 'tatawag', 'supervisor', 'tumawag', 'tumawag', 'c', 'm', 'jen', 'id', 'nangako', 'tatawag', 'supervisor', 'ngaun', 'tumawag', 'akong', 'tanga', 'agent', 'nakausap', 'pinag', 'antay', 'itatransfer', 'nya', 'tawag', 'supervisor', 'oras', 'mahigit', 'nag', 'aantay', 'wala', 'sumagot', 'kau', 'naawa', 'alam', 'nyo', 'kelangan', 'tao', 'perang', 'pinagkatiwala', 'inyo', 'lalo', 'sitwasyong', 'dinadanas', 'ngaun']"
2020-05-20 16:53:24,5,"['great', 'start', 'use', 'online', 'shopping', 'great', 'specially', 'bow', 'purchase', 'store', 'suggestion', 'extend', 'validity', 'generated', 'barcode', 'min', 'short', 'distance', 'house', 'near', 'store', 'min', 'drive', 'sometimes', 'would', 'offline', 'would', 'chance', 'use', 'generated', 'code', 'anymore', 'make', 'validity', 'barcode', 'hr', 'pls']"
2020-05-23 05:39:05,5,"['frustrate', 'password', 'recovery', 'help', 'forget', 'password', 'help', 'assistance', 'receive', 'get', 'email', 'several', 'attempt', 'say', 'delay', 'response', 'message', 'due', 'strict', 'government', 'measure', 'lockdown', 'create', 'another', 'account', 'use', 'recovery', 'email', 'still', 'frustrating', 'since', 'mobile', 'always', 'state', 'email', 'address', 'phone', 'number', 'invalid', 'wonder', 'since', 'receive', 'email', 'paymaya', 'recovery', 'email', 'address', 'confirm', 'subscription', 'paymaya', 'newsletter', 'use', 'customer', 'support', 'chat', 'frustrating', 'chat', 'automated', 'response', 'happen', 'create', 'account', 'large', 'amount', 'transaction', 'forget', 'password']"
2020-05-23 11:30:42,5,"['convenient', 'need', 'fall', 'longline', 'payment', 'center', 'easy', 'scan', 'paymaya', 'support', 'merchant', 'convenient', 'load', 'prepay', 'easy', 'use']"
2020-05-23 13:09:00,5,"['load', 'problem', 'everytime', 'take', 'minute', 'send', 'regular', 'load', 'pop', 'message', 'say', 'take', 'longetc', 'try', 'retry', 'load', 'error', 'transaction', 'still', 'carry', 'end', 'become', 'double', 'sent', 'load', 'one', 'number', 'problem', 'always', 'encounter', 'please', 'help', 'u', 'correction', 'bug', 'thank']"
2020-05-28 01:54:35,5,"['life', 'saver', 'paymaya', 'life', 'saver', 'quarantine', 'period', 'use', 'pay', 'bill', 'even', 'earn', 'cashback', 'send', 'money', 'smes', 'via', 'instapay', 'relative', 'province', 'via', 'smart', 'padala', 'use', 'year', 'encounter', 'major', 'issue']"
2020-05-28 21:41:05,5,"['please', 'fix', 'soon', 'possible', 'please', 'good', 'day', 'make', 'transfer', 'smart', 'money', 'amount', 'pm', 'transaction', 'reference', 'id', 'money', 'take', 'paymaya', 'never', 'receive', 'text', 'message', 'confirmation', 'go', 'claim', 'money', 'smart', 'money', 'transaction', 'exist', 'please', 'fix', 'soon', 'possible', 'thank', 'mia', 'relampagos']"
2020-05-29 04:02:18,5,"['great', 'really', 'helpful', 'pay', 'online', 'feel', 'like', 'use', 'credit', 'card', 'directly']"
2020-05-29 07:10:20,5,"['convenient', 'want', 'go', 'cashless', 'easy', 'convenient', 'use']"
2020-06-01 12:36:32,5,"['bill', 'payment', 'cashback', 'one', 'thing', 'nagugustuhan', 'paymaya', 'meron', 'silang', 'cashback', 'every', 'bill', 'babayaran', 'mo', 'depende', 'promo', 'date', 'yun', 'wala', 'ginagamit', 'far', 'sana', 'iwala', 'yun', 'service', 'lng', 'naman', 'star']"
2020-06-07 00:28:00,5,"['great', 'ecash', 'think', 'good', 'use', 'visa', 'card', 'purchase', 'software', 'online', 'work', 'even', 'use', 'online', 'shopping', 'work', 'seamless', 'banking', 'move', 'money', 'convenient', 'hope', 'future', 'charge', 'also', 'like', 'use', 'store', 'account']"
2020-06-12 13:39:44,5,"['good', 'bad', 'customer', 'care', 'contact', 'customer', 'care', 'due', 'issue', 'use', 'credit', 'card', 'cash', 'despite', 'number', 'follow', 'email', 'every', 'day', 'sometimes', 'twice', 'day', 'one', 'paymaya', 'contact', 'back', 'help', 'resolve', 'issue', 'want', 'u', 'help', 'u', 'concern', 'well', 'close', 'regret', 'recommend', 'number', 'friend', 'relative', 'ignore', 'email', 'message', 'day', 'acceptable']"
2020-06-17 04:25:29,4,"['paymaya', 'great', 'business', 'paymaya', 'great', 'business', 'also', 'convenient', 'use', 'however', 'regard', 'eloading', 'would', 'good', 'could', 'input', 'amount', 'load', 'instead', 'choose', 'denomination', 'system', 'complete', 'especially', 'regular', 'load', 'hope', 'consider', 'suggestion', 'thank']"
2020-06-28 12:51:37,5,"['create', 'account', 'problem']"
2020-06-29 11:21:20,5,"['barcode', 'payment', 'method', 'hello', 'paymaya', 'dev', 'could', 'please', 'add', 'barcode', 'mode', 'payment', 'improve', 'service', 'u', 'make', 'less', 'work', 'u', 'pay', 'use', 'scan', 'barcode', 'payment', 'much', 'convenient', 'thank', 'take', 'care']"
2020-06-30 23:50:37,4,"['add', 'pin', 'option', 'instead', 'face', 'recognition', 'fingerprint', 'due', 'pandemic', 'require', 'wear', 'mask', 'phone', 'thay', 'use', 'face', 'recognition', 'easy', 'authentication', 'hard', 'grocery', 'store', 'would', 'useful', 'option', 'pin', 'also', 'coinsph']"
2020-07-01 08:32:37,4,"['yey', 'I', 'happy', 'get', 'account', 'back', 'although', 'take', 'time', 'still', 'thankful', 'respond', 'immediately']"
2020-07-02 08:45:33,4,"['far', 'good', 'like', 'seamless', 'way', 'operate', 'easy', 'use', 'fast', 'money', 'transfer', 'capability']"
2020-07-08 06:38:16,5,"['great', 'driver', 'license', 'upgrading', 'account', 'piece', 'cake']"
2020-07-13 08:43:01,4,"['great', 'online', 'payment', 'transaction', 'continuously', 'improve', 'make', 'secure', 'previous', 'version', 'helpful', 'payment', 'bill', 'load', 'however', 'would', 'like', 'ask', 'following', 'feature', 'good', 'experience', 'otp', 'redeem', 'smart', 'padala', 'recepient', 'notification', 'smart', 'padala', 'claim', 'verify', 'run', 'balance', 'per', 'transaction', 'would', 'really', 'helpful', 'track', 'transaction']"
2020-07-14 12:06:42,5,"['meralco', 'barcode', 'scanner', 'work', 'one', 'best', 'ewallets', 'clean', 'convenient', 'barcode', 'scanner', 'meralco', 'work', 'properly', 'please', 'fix', 'meralcos', 'reference', 'number', 'long', 'type', 'prone', 'human', 'error', 'thanks']"
2020-07-16 06:51:35,5,"['little', 'disappointed', 'refer', 'friend', 'start', 'use', 'pay', 'maya', 'upgrade', 'account', 'already', 'receive', 'free']"
2020-07-22 14:42:46,5,"['great', 'pretty', 'useful', 'one', 'problem', 'hard', 'contact', 'paymaya', 'support', 'time', 'get', 'reply', 'email', 'wait', 'one', 'week', 'still', 'reply']"
2020-08-05 03:57:33,5,"['easy', 'peasy', 'covenient', 'use', 'smart', 'mobile', 'number', 'transfer', 'bank', 'easy', 'cash', 'grabpay']"
2020-08-07 15:40:55,5,"['generous', 'convenient', 'generous', 'regard', 'promo', 'specifically', 'balik', 'bayad', 'deal', 'keep', 'promos', 'thanks', 'paymaya']"
2020-08-13 13:20:09,5,"['unauthorized', 'payment', 'use', 'money', 'thing', 'also', 'contact', 'pay', 'maya', 'personnel', 'apps', 'official', 'reply', 'like', 'cent', 'still', 'money', 'issue', 'please', 'whether', 'big', 'small', 'amount', 'take', 'seriously', 'hope', 'admin', 'take', 'action', 'kind', 'fraudhack', 'much', 'possible', 'really', 'find', 'useful', 'turn']"
2020-08-15 01:14:19,5,"['pay', 'bill', 'pay', 'bill', 'easy', 'use', 'billes', 'eat', 'go', 'globe', 'leave', 'happen', 'billers', 'like', 'meralco', 'converge']"
2020-08-17 07:25:08,5,"['reliablw', 'sense', 'urgency', 'need', 'transact', 'use', 'payment', 'process', 'next', 'day', 'hurry', 'stay', 'away', 'choose', 'application']"
2020-08-18 09:06:47,5,"['financial', 'one', 'perfect', 'pay', 'bill', 'online', 'wallet', 'cashless', 'fine']"
2020-08-19 16:53:15,5,"['easy', 'use', 'like', 'fact', 'work', 'looks', 'clean', 'simple', 'easy', 'use']"
2020-08-28 05:36:13,5,"['improve', 'throughout', 'year', 'great', 'design', 'improve', 'year', 'maintain', 'clean', 'design', 'cute', 'maya', 'bird']"
2020-08-28 05:58:20,5,"['cashbacks', 'convenient', 'dam', 'cashbacks', 'secure', 'user', 'friendly']"
2020-08-28 06:02:07,5,"['best', 'financial', 'ph', 'best', 'financial', 'ph', 'lot', 'apf', 'money', 'opnions', 'integrate', 'big', 'bank', 'ph', 'lot', 'perk', 'promos', 'really', 'payment', 'ecosystem', 'promote', 'like', 'apple', 'ecosystem', 'payment', 'solution']"
2020-08-29 05:25:17,4,"['great', 'application', 'great', 'application', 'nice', 'update', 'good', 'job']"
2020-08-30 02:09:19,4,"['voucher', 'pakilagyan', 'claim', 'madali', 'salamat']"
2020-08-30 05:06:28,5,"['great', 'help', 'pandemic', 'paymaya', 'help', 'pay', 'bill', 'online', 'transaction', 'send', 'money', 'family', 'get', 'data', 'subscribe', 'different', 'service', 'need', 'buy', 'something', 'convenience', 'store', 'also', 'pay', 'qr', 'extremely', 'helpful', 'especially', 'pandemic', 'need', 'avoid', 'physical', 'contact', 'others', 'much', 'possible']"
2020-08-31 01:20:55,4,"['thanks', 'paymaya', 'helpful', 'online', 'business', 'transaction', 'however', 'get', 'rebate', 'thrice', 'buy', 'load', 'receive']"
2020-09-02 03:58:45,4,"['almost', 'perfect', 'hope', 'enable', 'otp', 'every', 'transaction', 'bill', 'load', 'online', 'payment']"
2020-09-05 01:00:24,5,"['refund', 'money', 'try', 'reach', 'support', 'avail', 'pay', 'something', 'reject', 'still', 'paymaya', 'deducted', 'balance', 'money', 'still', 'float', 'somewhere', 'try', 'emailing', 'message', 'support', 'feedback']"
2020-09-12 04:46:23,5,"['card', 'expire', 'renew', 'soon', 'expire', 'expired', 'virtual', 'card']"
2020-09-16 05:39:53,5,"['unresponsive', 'customer', 'care', 'disappointing', 'lose', 'money']"
2020-09-28 11:22:34,4,"['rebate', 'voucher', 'hope', 'claim', 'load', 'rebate', 'voucher', 'would', 'easy', 'automatic', 'rebate', 'would', 'much', 'efficient', 'claim', 'one', 'one', 'voucher', 'section']"
2020-10-01 18:27:11,5,"['oof', 'crash', 'lol', 'ugrade', 'pls']"
2020-10-03 19:09:42,5,"['great', 'paymaya', 'user', 'year', 'year', 'since', 'launch', 'problem']"
2020-10-27 03:40:17,5,"['convenience', 'fee', 'deduct', 'convenience', 'fee', 'return']"
2020-10-28 08:48:40,5,"['poor', 'ui', 'outdated', 'user', 'interface', 'list', 'contact', 'look', 'like', 'datamined', 'careful']"
2020-10-30 08:24:25,5,"['suggestion', 'use', 'year', 'time', 'go', 'progress', 'make', 'really', 'huge', 'helpful', 'hope', 'able', 'add', 'feature', 'show', 'summary', 'amount', 'user', 'cash', 'month', 'would', 'know', 'right', 'away', 'much', 'still', 'top', 'since', 'limit', 'per', 'month', 'hope', 'suggestion', 'reacher', 'developer', 'power', 'paymaya', 'team']"
2020-11-04 08:19:28,5,"['best', 'love', 'paymaya']"
2020-11-04 14:18:09,4,"['star', 'service', 'charge', 'pag', 'magcacash']"
2020-11-05 14:50:49,4,"['great', 'please', 'increase', 'limit', 'loyal', 'user']"
2020-11-06 22:33:40,4,"['merchant', 'hope', 'add', 'merchant', 'easy', 'payment', 'bill', 'eg', 'sky', 'cable', 'manila', 'water', 'meralco']"
2020-11-07 11:56:40,5,"['apl', 'de', 'tnx', 'paymaya', 'team', 'wonderful']"
2020-11-08 03:32:03,5,"['easy', 'buy', 'load', 'paymaya', 'convenient']"
2020-11-08 08:55:41,5,"['service', 'good']"
2020-11-08 17:17:22,5,"['ilove', 'paymaya', 'ilove', 'paymaya', 'life', 'begin', 'easy']"
2020-11-09 01:57:29,5,"['easy', 'breezy', 'processing', 'love', 'suggestion', 'add', 'bank', 'partner']"
2020-11-09 02:13:05,5,"['load', 'smart', 'lte', 'super', 'convenient', 'plus', 'get', 'cashback', 'awesome']"
2020-11-10 02:41:56,5,"['great', 'update', 'love', 'look', 'improved', 'interface', 'also', 'get', 'chance', 'call', 'recently', 'wow', 'fast', 'efficient']"
2020-11-10 05:46:04,5,"['ok', 'thumb']"
2020-11-10 07:01:33,5,"['easy', 'pay', 'convenient', 'long', 'amount', 'paymaya', 'wallet', 'easily', 'scan', 'pay', 'bill', 'gas', 'station', 'aside', 'get', 'rebate']"
2020-11-10 09:05:37,5,"['perfect', 'bonus', 'incentives', 'love']"
2020-11-10 09:54:03,5,"['best', 'wayyyy', 'well']"
2020-11-10 10:00:18,5,"['eload', 'use', 'pay', 'maya', 'loading', 'interface', 'network', 'great', 'experience', 'customer', 'additional', 'charge']"
2020-11-10 14:16:29,5,"['love', 'really', 'love', 'since', 'start', 'use', 'back', 'I', 'start', 'feel', 'bad', 'due', 'charge', 'fee', 'think', 'help', 'especially', 'pandemic', 'start', 'lately', 'start', 'reduce', 'sale', 'paymaya', 'start', 'additional', 'charge', 'convenience', 'fee', 'add', 'money', 'hope', 'understand', 'need', 'complaint', 'small', 'business', 'category']"
2020-11-11 00:52:27,5,"['useful', 'convenient', 'find', 'bill', 'pay', 'shop', 'feature', 'paymaya', 'useful', 'fall', 'line', 'pay', 'bill', 'plus', 'send', 'money', 'family', 'friend', 'easy', 'need', 'go', 'bank', 'transfer', 'money', 'really', 'love', 'convenient']"
2020-11-11 02:46:46,5,"['rating', 'easy', 'use', 'plus', 'cash', 'back']"
2020-11-11 03:34:10,5,"['professional', 'working', 'home', 'super', 'convenient', 'help', 'lot', 'senior', 'citizen', 'pay', 'bill', 'client', 'due', 'govt', 'without', 'go', 'home']"
2020-11-11 04:16:56,5,"['good', 'easy', 'use']"
2020-11-11 05:23:31,5,"['excellent', 'convenient', 'affordable']"
2020-11-11 06:15:03,5,"['thanks', 'paymaya', 'paymaya', 'wonderful', 'partner', 'happen', 'entire', 'life', 'god', 'bless']"
2020-11-11 07:50:29,5,"['convenient', 'easy', 'use', 'great', 'one', 'need', 'easy', 'payment', 'money', 'transfer']"
2020-11-11 11:54:20,5,"['paymaya', 'well', 'paymaya', 'far', 'well', 'term', 'eloading', 'system', 'disregard', 'already', 'system', 'use', 'cause', 'problem', 'load', 'paymaya', 'offer', 'benefit', 'promos', 'thanks', 'much', 'great', 'idea']"
2020-11-11 12:04:45,5,"['love', 'balik', 'bayad', 'promo']"
2020-11-11 17:20:47,5,"['load', 'di', 'pumasok', 'nag', 'load', 'kanina', 'pumasok', 'nama', 'yun', 'globe']"
2020-11-12 01:40:16,5,"['expensive', 'charge', 'useful', 'low', 'charge', 'fee', 'transaction', 'fee', 'expensive']"
2020-11-12 02:44:36,5,"['nice', 'bill', 'payment', 'load', 'pay', 'cash', 'paymaya', 'yan']"
2020-11-12 09:31:31,5,"['paymaya', 'super', 'useful']"
2020-11-12 11:44:16,5,"['reliable', 'secure', 'fast', 'love', 'use', 'paymaya', 'reliable', 'secure', 'wish', 'credit', 'transaction', 'go', 'cashless', 'timely', 'hassle', 'free', 'busy', 'work', 'mother', 'like', 'plus', 'easy', 'reload', 'since', 'available', 'everywhere']"
2020-11-13 04:35:24,5,"['ease', 'payment', 'anything', 'anytime', 'use', 'paymaya', 'quite', 'sometime', 'find', 'really', 'really', 'easy', 'convenient', 'use', 'especially', 'time', 'happy', 'customer']"
2020-11-13 06:08:27,5,"['hi', 'easy', 'use', 'think', 'secure']"
2020-11-13 06:23:01,5,"['transaction', 'easy', 'process', 'complicate', 'compare', 'service']"
2020-11-13 09:21:09,5,"['awesome', 'I', 'use', 'paymaya', 'year', 'without', 'issue', 'unlike', 'paymaya', 'good']"
2020-11-13 12:32:40,5,"['nice', 'hassle', 'free', 'convenient', 'use']"
2020-11-13 15:31:19,4,"['feature', 'please', 'use', 'paymaya', 'year', 'still', 'lack', 'useful', 'feature', 'like', 'help', 'user', 'save', 'money', 'make', 'user', 'avail', 'credit', 'emergency', 'useful', 'pay', 'bill', 'online', 'payment', 'say', 'paymaya', 'safe', 'emoney', 'manage', 'apps', 'feature', 'could', 'really', 'add', 'help', 'user', 'grow', 'save', 'money']"
2020-11-14 02:33:19,5,"['good', 'nice', 'application', 'convienient', 'useful', 'thank', 'paymaya']"
2020-11-14 05:02:46,5,"['thanks', 'thank']"
2020-11-14 05:03:06,5,"['great', 'paymaya', 'really', 'great', 'convenient', 'use', 'safe']"
2020-11-14 05:36:38,5,"['yey', 'always']"
2020-11-14 07:34:46,5,"['instant', 'cashless']"
2020-11-14 11:03:08,5,"['money', 'transfer', 'thanks', 'paymaya', 'easily', 'transfer', 'money', 'local', 'bank']"
2020-11-14 23:42:41,5,"['money', 'padala', 'tagaytay', 'city', 'easy', 'fast', 'transaction', 'ty']"
2020-11-15 05:29:35,5,"['wow', 'easy', 'transac']"
2020-11-15 07:27:11,5,"['easy', 'use', 'convenient', 'use', 'make', 'bill', 'payment', 'easy', 'even', 'pay', 'order', 'online', 'keep', 'please', 'offer', 'platform', 'smes', 'magtataho', 'jeepney', 'driver']"
2020-11-15 07:44:30,5,"['must', 'fast', 'reliable']"
2020-11-15 08:24:02,4,"['great', 'use', 'almost', 'two', 'three', 'year', 'convenient', 'even', 'covid', 'happen', 'although', 'service', 'charge', 'definitely', 'bummer', 'hope', 'decrease', 'perhaps', 'peso', 'rather', 'aside', 'really', 'great', 'time', 'use', 'physical', 'card', 'cheer']"
2020-11-15 10:07:43,5,"['convenient', 'convenient', 'u', 'pay', 'bill', 'need', 'go', 'bayad', 'center']"
2020-11-15 13:22:41,5,"['review', 'fast', 'convenient']"
2020-11-15 23:35:16,5,"['mr', 'ruben', 'super', 'helpful', 'convenient', 'many', 'link', 'dheaper']"
2020-11-16 02:30:27,5,"['extremely', 'satisfied', 'really', 'convinient', 'free', 'service', 'charge']"
2020-11-16 02:46:36,5,"['convenient', 'hasslefree', 'fast', 'transaction', 'hasslefree']"
2020-11-16 03:56:20,5,"['paymaya', 'lifesaver', 'paymaya', 'truly', 'lifesaver']"
2020-11-16 11:36:55,5,"['good', 'easy', 'use', 'reward', 'promo', 'great', 'keep']"
2020-11-16 23:03:30,5,"['gef', 'pardilla', 'fast', 'safe', 'convenient', 'best', 'way', 'pay']"
2020-11-17 11:56:07,4,"['friend', 'invite', 'friend', 'invite', 'go']"
2020-11-17 19:09:26,5,"['good', 'good']"
2020-11-18 05:59:54,5,"['awesome', 'paymaya', 'apps', 'convenient', 'easy', 'use', 'great', 'feature', 'pay', 'bill', 'one', 'tap', 'hassle', 'free', 'time', 'always']"
2020-11-18 06:04:08,5,"['thanks', 'thank', 'paymaya']"
2020-11-18 11:51:31,5,"['understand', 'additional', 'sadden', 'every', 'penny', 'count', 'someone', 'like', 'keep', 'end', 'meet']"
2020-11-19 11:56:57,5,"['bill', 'payment', 'convenience', 'pay', 'bill', 'sss', 'payment', 'voluntary', 'member', 'contribution', 'pay', 'thru', 'apps']"
2020-11-19 16:38:37,5,"['helpul', 'apps', 'really', 'love', 'apps', 'help', 'give', 'beyond', 'word', 'thanks', 'developer']"
2020-11-20 06:37:03,5,"['love', 'javy', 'olive', 'hes', 'genius', 'javyjavy', 'genius']"
2020-11-20 08:16:33,5,"['hahaha', 'ganda']"
2020-11-20 15:18:16,5,"['reaction', 'great', 'paymaya', 'account', 'cashless', 'transaction']"
2020-11-21 00:02:07,5,"['good', 'company', 'sobrang', 'combinient', 'plus', 'wala', 'charge', 'hidden', 'charge', 'maa', 'update', 'k', 'p', 'nangyayare', 'paymaya', 'mo']"
2020-11-21 00:24:36,5,"['online', 'load', 'awesome', 'experience', 'great', 'convinient']"
2020-11-21 14:03:05,5,"['really', 'love', 'convenient', 'use', 'efficient']"
2020-11-22 05:29:58,5,"['easy', 'ewallet', 'use', 'love', 'paymaya', 'continue', 'improve', 'accommodate', 'change', 'time', 'pay', 'cashless', 'partner', 'merchant', 'easily']"
2020-11-22 06:22:21,5,"['superfast', 'love', 'use', 'transaction', 'superfast']"
2020-11-23 06:11:52,5,"['paymaya', 'convenient', 'pay', 'bill', 'especially', 'smart', 'bill']"
2020-11-24 02:46:12,5,"['absolutely', 'great', 'love', 'use', 'pay', 'everything', 'accept', 'paymaya', 'easy', 'pay', 'easy', 'reload', 'request', 'increase', 'number', 'favorite', 'maybe', 'pay', 'many', 'thing', 'monthly', 'appreciated', 'make', 'dozen', 'recur', 'payment', 'easier']"
2020-11-24 04:18:55,5,"['thanks', 'paymaya', 'convenient', 'appslove']"
2020-11-25 06:58:22,5,"['everything', 'everything', 'perfect', 'thank', 'give', 'u', 'cashless', 'use', 'daily', 'living', 'buy', 'load', 'process', 'bill', 'payment', 'convenient', 'smart', 'padala', 'thru', 'paymaya', 'also', 'legit', 'thanks']"
2020-11-25 08:59:29,4,"['bring', 'back', 'scan', 'mode', 'bill', 'payment', 'please', 'bring', 'back', 'scanner', 'bill', 'like', 'meralco', 'payment', 'easy', 'type', 'whole', 'reference', 'number']"
2020-11-26 03:10:35,5,"['convenient', 'well', 'load', 'paymaya', 'use', 'multiple', 'way', 'charge', 'easytripthumbs']"
2020-11-27 03:50:48,5,"['fast', 'smooth', 'transaction', 'easy', 'use', 'plush', 'get', 'cashback']"
2020-11-28 06:26:13,5,"['fast', 'easy', 'use', 'great', 'payment', 'purchasing']"
2020-11-29 10:19:55,5,"['thumb', 'paymaya', 'worldwide', 'service']"
2020-12-02 12:15:33,5,"['upgrade', 'account', 'many', 'month', 'upgraded', 'ulit', 'account', 'sana', 'di', 'mawala', 'ulit', 'tapos', 'magaantay', 'naman', 'ilang', 'buwan', 'samat']"
2020-12-02 16:26:23,5,"['reward', 'pl']"
2020-12-03 17:08:04,5,"['error', 'registration', 'could', 'create', 'account', 'several', 'attempt', 'keep', 'tell', 'slow', 'internet', 'connection', 'although', 'I', 'pretty', 'sure', 'internet', 'speed', 'fast', 'try', 'follow', 'customer', 'service', 'advice', 'nothing', 'work', 'still', 'could', 'proceed']"
2020-12-05 10:33:48,4,"['copy', 'paste', 'text', 'box', 'pls']"
2020-12-06 05:15:34,5,"['log', 'error', 'keep', 'ask', 'phone', 'number', 'fact', 'access', 'different', 'device', 'use', 'numberbut', 'use', 'mobile', 'phone', 'log', 'error', 'appear', 'ask', 'number']"
2020-12-06 11:55:37,5,"['nice', 'update', 'nice', 'pwd', 'mag', 'copypaste', 'bill', 'payment']"
2020-12-07 01:06:33,4,"['auto', 'sweep', 'rfid', 'work', 'buy', 'auto', 'sweep', 'rfid', 'deduct', 'account', 'never', 'credit', 'rfid', 'account', 'another', 'form', 'steal']"
2020-12-07 02:58:04,5,"['simple', 'easy', 'use', 'love', 'paymaya', 'easy', 'use', 'use', 'pay', 'bill', 'send', 'money', 'bank', 'transfer', 'online', 'order', 'buy', 'load', 'helper', 'send', 'money', 'love', 'one', 'province', 'everything', 'need', 'manage', 'money', 'plus', 'cashbacks']"
2020-12-07 12:44:30,4,"['transaction', 'I', 'like', 'far']"
2020-12-09 03:46:09,5,"['nice', 'convenient']"
2020-12-09 07:02:49,5,"['nice', 'fast']"
2020-12-10 10:11:28,5,"['enjoy', 'paymaya', 'far', 'please', 'increase', 'monthly', 'limit', 'super', 'fast', 'transaction', 'time', 'even', 'withdrawal', 'overseas', 'without', 'issue']"
2020-12-10 11:27:53,5,"['ilove', 'paymaya', 'love']"
2020-12-12 06:03:33,5,"['love', 'really', 'like', 'aside', 'intuitiveness', 'greatly', 'help', 'finance', 'management', 'plus', 'cash', 'back', 'almost', 'every', 'transaction', 'promos']"
2020-12-12 12:33:36,4,"['tool', 'versatile']"
2020-12-13 21:19:28,5,"['useful', 'excite', 'use', 'I', 'happy', 'know', 'paymaya', 'useful', 'pay', 'online', 'transaction', 'plus', 'money', 'return', 'receive', 'transaction', 'excite']"
2020-12-14 12:32:52,5,"['fast', 'hassle', 'free', 'highly', 'recommend']"
2020-12-15 00:00:41,5,"['paymaya', 'credit', 'hope', 'credit', 'function', 'like', 'gcredit']"
2020-12-16 01:20:29,5,"['easy', 'payment', 'paymaya', 'payment', 'easy', 'even', 'buy', 'load', 'send', 'others', 'hasslefree', 'shopping', 'bill', 'payment']"
2020-12-16 14:32:13,5,"['useful', 'go', 'upgrade', 'status']"
2020-12-18 05:55:57,5,"['samaximo', 'good', 'satisfied']"
2020-12-19 03:00:37,5,"['paymaya', 'easy', 'use', 'convenient', 'low', 'cost', 'deduction', 'fee', 'generous', 'rebate', 'user']"
2020-12-19 13:31:59,5,"['convenience', 'easy', 'cashin', 'use', 'bpi', 'online', 'account', 'almost', 'bill', 'settle', 'definitely', 'try', 'beep', 'qr', 'need', 'travel', 'around', 'bgc', 'keep', 'great', 'feature', 'paymaya', 'hopefully', 'live', 'chat', 'feature', 'soon', 'would', 'easy', 'help', 'fellow', 'inquiry', 'thank']"
2020-12-20 16:10:58,5,"['real', 'time', 'convenient', 'way', 'transfer', 'cash', 'thump']"
2020-12-22 03:38:05,5,"['review', 'easy', 'easy', 'access', 'thank', 'paymaya', 'power']"
2020-12-22 08:18:51,5,"['kfc', 'easy', 'use', 'convenient']"
2020-12-22 09:34:57,5,"['thank', 'paymaya', 'make', 'bank', 'transfer', 'mandatory', 'bill', 'payment', 'accessible']"
2020-12-24 14:11:08,5,"['digit', 'pin', 'time', 'pf', 'pandemic', 'require', 'wear', 'face', 'mask', 'due', 'use', 'face', 'id', 'limited', 'consequently', 'password', 'require', 'log', 'however', 'use', 'password', 'keyboard', 'typeconvenient', 'complexity', 'suggest', 'add', 'feature', 'use', 'pin', 'code', 'face', 'id', 'accept', 'use', 'face', 'mask']"
2020-12-26 17:05:49,5,"['face', 'id', 'authentication', 'nice', 'one']"
2020-12-27 08:25:03,5,"['transaction', 'love', 'paymaya', 'covenient', 'need', 'go', 'home', 'balik', 'bayad', 'good', 'job', 'paymaya']"
2020-12-28 01:05:15,5,"['user', 'friendly', 'efficientefficient', 'specilally', 'atm', 'machine', 'onsite']"
2020-12-28 08:07:51,5,"['convience', 'best', 'easy', 'use']"
2020-12-30 12:04:00,4,"['fraud', 'please', 'help', 'u', 'claim', 'stop', 'payment', 'number', 'budol', 'budol', 'case', 'send', 'amount', 'peso', 'paymaya', 'account', 'reference']"
2020-12-30 12:41:47,4,"['ayaw', 'mag', 'access', 'contact', 'ayaw', 'mag', 'access', 'contact', 'nyo']"
2021-01-03 04:28:52,5,"['good', 'need', 'improve', 'search']"
2021-01-03 15:50:46,5,"['love', 'love', 'voucher']"
2021-01-04 00:29:42,4,"['pay', 'maya', 'restriction', 'load', 'thru', 'bank', 'small', 'amount', 'n']"
2021-01-04 01:26:01,5,"['paymaya', 'really', 'helpful', 'sana', 'mas', 'accessible', 'payment', 'wag', 'smart', 'lang', 'use', 'network']"
2021-01-04 10:30:16,5,"['paymaya', 'awesome', 'paymaya', 'convenient', 'easy', 'use']"
2021-01-04 10:31:47,5,"['awesome', 'beryconvinient']"
2021-01-10 13:51:09,5,"['joy', 'dela', 'cruz', 'best', 'pay', 'platform', 'far', 'user', 'friendly', 'mention', 'color', 'please', 'eye', 'keep', 'power']"
2021-01-11 02:58:33,5,"['make', 'life', 'easy', 'enjoy', 'go', 'day', 'manually', 'pay', 'bill', 'open', 'chore', 'payment', 'give', 'jolt', 'happiness', 'pay', 'bill', 'alone', 'use', 'accept', 'payment', 'professional', 'service', 'keep', 'paymaya']"
2021-01-13 16:55:37,5,"['poor', 'customer', 'service', 'poor', 'handling', 'customer', 'service']"
2021-01-14 04:01:59,4,"['load', 'fee', 'please', 'waive', 'load', 'fee', 'especially', 'seveneleven', 'tanx']"
2021-01-14 10:01:41,5,"['paymaya', 'great', 'satisfied', 'user', 'userfriendly', 'feature', 'layout', 'plus', 'frequent', 'crash', 'I', 'also', 'gamer', 'like', 'paymayas', 'gaming', 'option', 'steam']"
2021-01-15 01:41:13,5,"['great', 'like']"
2021-01-16 07:45:26,5,"['excellent', 'service', 'good']"
2021-01-22 02:03:09,5,"['reliable', 'far', 'goodin', 'almost', 'use', 'paymaya', 'always', 'confident', 'transaction']"
2021-01-23 17:37:25,5,"['create', 'account', 'first', 'time', 'download', 'unfortunately', 'keep', 'give', 'message', 'internet', 'connection', 'slow', 'even', 'otherwise', 'disappointed']"
2021-01-26 03:05:16,5,"['good', 'service', 'thanks', 'paymaya', 'hop', 'receive', 'lot', 'cashbacks']"
2021-01-29 01:32:11,5,"['thanks', 'paymaya', 'much', 'satisfy', 'easy', 'convenient', 'use', 'make', 'easy', 'u', 'send', 'money', 'love', 'one', 'thanks', 'paymaya']"
2021-01-29 04:27:27,5,"['paymaya', 'hop', 'merchant', 'available']"
2021-01-30 05:57:23,5,"['friend', 'benefit', 'thru', 'rebate', 'thank', 'paymaya']"
2021-02-01 02:15:31,5,"['nice', 'use', 'digital', 'wallet', 'online', 'transaction', 'make', 'shop', 'lot', 'easy', 'package', 'arrive', 'need', 'claim', 'need', 'pay', 'cash', 'withdraw', 'atm', 'another', 'hassle']"
2021-02-01 05:53:10,5,"['star', 'super', 'convenient', 'come', 'send', 'money', 'loved', 'one', 'far', 'less', 'hassle', 'one', 'click']"
2021-02-01 10:57:02,5,"['love', 'paymaya', 'super', 'easy', 'use', 'convenient', 'since', 'like', 'withdraw', 'much', 'plus', 'love', 'cashbacks', 'promos', 'hehe', 'hop', 'merchant', 'always', 'recommend', 'paymaya', 'friend']"
2021-02-02 09:13:12,5,"['amaziiing', 'know', 'save', 'time', 'something', 'I', 'take', 'opportunity', 'download', 'paymaya', 'help', 'save', 'time', 'lot', 'financial', 'transaction', 'like', 'pay', 'bill', 'send', 'money', 'bank', 'allocate', 'extra', 'time', 'hobby', 'I', 'plantito', 'paymaya', 'seriously', 'amazing', 'encourage', 'try', 'well']"
2021-02-03 07:29:08,5,"['paymaya', 'good', 'useful', 'thank', 'godbless']"
2021-02-03 09:44:08,5,"['great', 'paymaya', 'heavensent', 'u', 'longer', 'young', 'mobile', 'easily', 'allow', 'u', 'pay', 'bill', 'perform', 'transaction', 'online', 'thanks', 'make', 'happen']"
2021-02-05 05:05:57,5,"['good', 'super', 'satisfy', 'paymaya', 'since', 'day', 'one', 'love', 'everything', 'like', 'use', 'cashback', 'reward', 'real', 'time', 'instantaneously', 'I', 'able', 'send', 'money', 'billers', 'people', 'know', 'need', 'stand', 'line', 'bank', 'bayad', 'center', 'get', 'thing', 'do']"
2021-02-05 06:29:14,5,"['good', 'service', 'collect', 'magic', 'gathering', 'card', 'always', 'use', 'paymaya', 'pay', 'card', 'buy', 'online', 'convenient', 'use', 'every', 'payment', 'go', 'without', 'delay', 'whatsoever', 'seller', 'usually', 'get', 'ship', 'new', 'card', 'day', 'I', 'happy', 'see', 'collection', 'grow', 'eye']"
2021-02-06 09:34:25,5,"['galing', 'ah', 'ginalingan', 'paymaya', 'ah', 'sobrang', 'hasslefree', 'nya', 'gamitin', 'never', 'nakaencounter', 'issue', 'anong', 'feature', 'yung', 'gamitin', 'sobrang', 'love', 'yung', 'scan', 'pay', 'hightech', 'kasi', 'nakakaaliw', 'gamitin', 'ginagamit', 'rin', 'pangdonate', 'yung', 'paymaya', 'account', 'foundation', 'charity', 'fulfilling', 'really', 'encourage', 'everyone', 'download', 'try', 'paymaya', 'one', 'useful', 'apps']"
2021-02-08 03:01:44,5,"['smooth', 'convenient', 'thank', 'paymaya', 'make', 'convenient', 'money', 'transaction', 'online']"
2021-02-08 03:27:45,5,"['superb', 'virtual', 'wallet', 'lmuch', 'well', 'virtual', 'wallet']"
2021-02-08 03:29:56,5,"['system', 'notification', 'hopefully', 'future', 'notification', 'include', 'activity', 'transaction', 'marketing', 'content']"
2021-02-09 04:24:17,5,"['great', 'proud', 'user', 'paymaya', 'help', 'brag', 'useful', 'amidst', 'pandemic', 'sobrang', 'simple', 'yet', 'ganda', 'icon', 'smooth', 'transaction', 'easily', 'pay', 'bill', 'pag', 'gamit', 'sobrang', 'saya', 'mag', 'online', 'window', 'shopping', 'since', 'many', 'thing', 'choose', 'witty', 'developer', 'kudos', 'guy']"
2021-02-09 06:56:47,5,"['convenient', 'covid', 'time', 'pinakanakakatakot', 'pangyayari', 'pandemic', 'mahawaan', 'covid', 'transact', 'money', 'nakuha', 'mo', 'physically', 'want', 'happen', 'decide', 'choose', 'paymaya', 'pave', 'way', 'cashless', 'lifestlye', 'maprotektahan', 'pamilya', 'pandemic', 'thank', 'enough', 'convenient']"
2021-02-10 01:50:18,5,"['rate', 'sobrang', 'hasslefree', 'talaga', 'pag', 'loload', 'autosweep', 'easytrip', 'rfid', 'use', 'paymaya', 'easy', 'use', 'well']"
2021-02-10 04:16:23,5,"['satisfied', 'easy', 'amd', 'reliable']"
2021-02-10 07:24:06,5,"['superb', 'convenient', 'use', 'paymaya', 'since', 'problem', 'issue', 'I', 'happy', 'sort', 'finance', 'pay', 'bill', 'load', 'prepaid', 'sim', 'bank', 'transfer', 'fast', 'easy', 'friendly', 'straight', 'point', 'user', 'experience']"
2021-02-11 03:55:56,5,"['mahirap', 'huli', 'technology', 'lalo', 'pandemic', 'kasi', 'umaasa', 'reduce', 'close', 'contact', 'situation', 'paymaya', 'make', 'really', 'easy', 'transition', 'virtual', 'world', 'sobrang', 'dali', 'lang', 'kasi', 'nya', 'gamitin', 'unlike', 'apps', 'sobrang', 'useful', 'simple', 'yet', 'effective']"
2021-02-11 10:47:20,5,"['best', 'need', 'paymayas', 'convenience', 'u', 'cashless', 'lifestyle', 'user', 'virtually', 'limitless', 'thing', 'need', 'online', 'transaction', 'bill', 'payment', 'even', 'qr', 'code', 'scary', 'sure', 'reach', 'bottleneck', 'never', 'stop', 'upgrading', 'updating', 'paymaya']"
2021-02-11 11:12:51,5,"['convenient', 'pandemic', 'really', 'hit', 'hard', 'paymaya', 'make', 'bearable', 'enough', 'continue', 'adapt', 'current', 'situation', 'even', 'fear', 'contamination', 'safely', 'go', 'outside', 'buy', 'need', 'pay', 'paymaya', 'qr', 'code', 'also', 'efficient', 'convenient', 'come', 'online', 'transaction', 'thank', 'paymaya', 'reduce', 'trouble']"
2021-02-11 13:53:24,5,"['best', 'ever', 'best', 'online', 'money', 'transaction', 'ever']"
2021-02-11 14:23:52,5,"['recommend', 'always', 'use', 'pay', 'bill', 'also', 'cash', 'convenient']"
2021-02-12 00:35:31,5,"['bill', 'payment', 'thank', 'much', 'hope', 'icon', 'government', 'servives', 'payment', 'ss', 'othersthank']"
2021-02-12 02:31:20,5,"['love', 'comfort', 'love', 'pay', 'maya', 'service', 'comfort', 'give', 'business', 'personal', 'need', 'even', 'line', 'payment', 'purchase', 'hastle', 'need', 'go', 'bank', 'accurate', 'update', 'credit', 'debit', 'status', 'love', 'pay', 'maya']"
2021-02-12 03:46:02,5,"['useful', 'last', 'time', 'emergency', 'need', 'contact', 'parent', 'paymaya', 'save', 'offer', 'lot', 'discount', 'load', 'pasok', 'pasok', 'gipit', 'budget', 'mabilis', 'makuha', 'yung', 'load', 'legit', 'guy', 'power', 'paymaya']"
2021-02-13 04:35:20,5,"['paymaya', 'wow', 'lang', 'talaga', 'masasabi', 'super', 'effective', 'online', 'business', 'need', 'lumabas', 'asa', 'loob', 'lang', 'ung', 'sagot', 'financial', 'transaction', 'pwede', 'akong', 'magtrabaho', 'magpadala', 'pera', 'time']"
2021-02-14 03:54:08,5,"['best', 'know', 'people', 'link', 'bank', 'account', 'paymaya', 'want', 'problemo', 'add', 'money', 'via', 'ministop', 'super', 'convenient', 'win', 'paymaya', 'even', 'point', 'book']"
2021-02-14 06:59:55,5,"['solid', 'maliit', 'lang', 'sahod', 'approve', 'way', 'makatipid', 'include', 'paymaya', 'biruin', 'mo', 'zero', 'fee', 'instapay', 'amazing', 'talaga', 'I', 'keep', 'use', 'bill', 'etc', 'kayo']"
2021-02-15 02:17:05,5,"['zero', 'fee', 'instapay', 'totally', 'worth', 'praktikalan', 'labanan', 'love', 'love', 'paymaya', 'kasi', 'dam', 'way', 'makatipid', 'favorite', 'yung', 'zero', 'fee', 'instapay', 'kasi', 'hello', 'zero', 'fee', 'hang', 'saya', 'saya']"
2021-02-15 03:16:46,5,"['review', 'love', 'function', 'paymaya', 'team', 'grandparent', 'really', 'appreciate', 'easy', 'understand', 'despite', 'incapable', 'sometimes', 'comprehend', 'techie', 'compexities', 'never', 'ounce', 'regret', 'recommend', 'never', 'thank', 'much', 'paymaya']"
2021-02-15 05:30:04,5,"['pasalamat', 'cheng', 'easy', 'af']"
2021-02-15 05:37:01,5,"['review', 'buhay', 'talaga', 'diskarte', 'sobrang', 'pasasalamat', 'talaga', 'paymaya', 'napadali', 'yung', 'pagbabayad', 'bill', 'etc', 'tapos', 'pang', 'fee', 'instapay', 'mabilis', 'nakatipid']"
2021-02-16 04:00:09,5,"['feedback', 'paymayas', 'interface', 'really', 'look', 'professional', 'yet', 'ginamit', 'mo', 'magugulat', 'kasi', 'madali', 'siyang', 'gamitin', 'recommend', 'colleague', 'first', 'hesitant', 'kasi', 'physical', 'transaction', 'nakikita', 'talaga', 'sobrang', 'sulit', 'nang', 'pagdowload', 'kasi', 'narealize', 'super', 'safe', 'gamitin']"
2021-02-16 04:34:28,5,"['paymaya', 'one', 'thing', 'sure', 'paymaya', 'really', 'great', 'ba', 'namang', 'magaakala', 'make', 'life', 'easier', 'click', 'phone', 'recommend', 'people', 'love', 'easy', 'transaction']"
2021-02-16 06:23:12,5,"['good', 'job', 'ma', 'okay', 'dati', 'sakin', 'nakikita', 'pera', 'nararamdaman', 'bulsa', 'ma', 'reassure', 'kasi', 'makakakita', 'salamat', 'apo', 'nadiscover', 'paymaya', 'kailangang', 'lumabas', 'lang', 'bumili', 'kakailanganin', 'online', 'shopping', 'setting', 'nababawasan', 'pagiging', 'old', 'school', 'mo', 'kailangang', 'competent', 'larangan', 'technology', 'paymaya', 'lang', 'gamit', 'mo']"
2021-02-16 07:24:09,5,"['love', 'love', 'feel', 'attach', 'system', 'thoughtful', 'kind', 'hearted', 'user', 'others', 'responsible', 'way', 'notify', 'upcoming', 'event', 'promos', 'lot', 'fun', 'friendly']"
2021-02-16 11:07:48,5,"['good', 'isipin', 'frontliner', 'mababawasan', 'risk', 'contamination', 'pamilya', 'pwede', 'mahawaan', 'maraming', 'salamat', 'paymaya', 'cashless', 'lifestyle', 'service', 'provide', 'user', 'kasi', 'kailangang', 'matakot', 'close', 'contact', 'risk', 'qr', 'code', 'rin', 'magbayad', 'bill', 'utility', 'gamit', 'salamat', 'faster', 'good', 'service', 'paymaya']"
2021-02-17 09:03:34,5,"['use', 'paymaya', 'cool', 'use']"
2021-02-17 09:43:01,5,"['amaze', 'since', 'start', 'stressfree', 'buhay', 'aspect', 'make', 'payment', 'need', 'experience', 'long', 'line', 'matagal', 'paghihintay', 'napapakabilis', 'online', 'transaction', 'paymaya', 'offer', 'totally', 'affordable', 'legit']"
2021-02-17 17:25:24,5,"['love', 'perk', 'get', 'every', 'time', 'use', 'paymaya', 'thanks', 'paymaya', 'love', 'perk', 'convenience', 'get', 'every', 'time', 'use', 'hope', 'get']"
2021-02-18 01:26:58,5,"['happy', 'user', 'happy', 'use', 'paymaya', 'apps']"
2021-02-18 04:04:02,5,"['must', 'financial', 'survival', 'I', 'really', 'fan', 'online', 'transaction', 'make', 'felt', 'safe', 'secure', 'whenever', 'transaction', 'online', 'much', 'easy', 'use', 'I', 'really', 'glad', 'able', 'part', 'grow', 'community', 'user', 'great', 'paymaya']"
2021-02-18 05:05:02,5,"['best', 'electronic', 'payment', 'I', 'use', 'I', 'use', 'paymaya', 'many', 'year', 'must', 'say', 'convenient', 'reliable', 'trustworthy', 'great', 'customer', 'service', 'best', 'paymaya']"
2021-02-18 07:52:45,5,"['p', 'qr', 'code', 'promos', 'definitely', 'heaven', 'sent', 'voucher', 'user', 'like', 'really', 'make', 'quarantine', 'life', 'easy', 'bearable', 'due', 'function', 'paymayas', 'qr', 'promos', 'really', 'blessing', 'qr', 'payment', 'course', 'useful', 'convenient', 'use', 'promos', 'voucher', 'make', 'whole', 'lot', 'well']"
2021-02-18 10:44:34,5,"['nithing', 'beat', 'paymaya', 'convenient', 'great', 'deal']"
2021-02-19 04:43:32,5,"['usually', 'give', 'feedback', 'apps', 'one', 'different', 'napa', 'bigay', 'feedback', 'kasi', 'totoong', 'maganda', 'mabilis', 'service', 'secure', 'naipadala', 'nga', 'talaga', 'pera', 'mo']"
2021-02-19 07:01:24,5,"['accessible', 'guy', 'try', 'send', 'money', 'paymaya', 'bank', 'via', 'instapay', 'believe', 'get', 'instant', 'peso', 'balik', 'bayad', 'voucher', 'keep', 'promise', 'deliver', 'money', 'safely', 'quickly', 'also', 'provide', 'amazing', 'deal', 'like', 'one']"
2021-02-20 09:12:19,5,"['q', 'class', 'new', 'semester', 'start', 'since', 'need', 'new', 'thing', 'decide', 'buy', 'stuff', 'paymaya', 'mall', 'let', 'tell', 'peso', 'every', 'transaction', 'really', 'amazing', 'truly', 'never', 'fail', 'surprise', 'new', 'promos', 'every', 'month']"
2021-02-21 05:20:14,5,"['superb', 'rebate', 'cashback', 'awesome']"
2021-02-21 07:57:05,4,"['convenient', 'internet', 'connection', 'issue', 'convenient', 'concern', 'outkets', 'slow', 'internetconnections', 'lapulapu', 'city', 'load']"
2021-02-22 01:29:08,5,"['thank', 'thank', 'paymayasmart', 'fast', 'transaction']"
2021-02-22 16:48:47,5,"['flawless', 'smooth', 'convenient', 'paymayas', 'online', 'transaction', 'flawless', 'smooth', 'convenient', 'way', 'kasi', 'come', 'ewallet', 'application', 'although', 'ewallet', 'apps', 'provide', 'service', 'one', 'top', 'paymayas', 'fast', 'smooth', 'transaction', 'especially', 'generous', 'voucher', 'discount']"
2021-02-24 04:33:23,5,"['convenient', 'convenient', 'pay', 'bill']"
2021-02-24 09:10:26,5,"['convenience', 'game', 'changer', 'help', 'lot']"
2021-02-25 03:50:25,5,"['convenient', 'paymaya', 'helpful']"
2021-02-26 10:02:21,4,['niceee']
2021-02-27 06:33:54,5,"['useful', 'great']"
2021-02-27 07:51:58,5,"['paymaya', 'paymaya', 'responsive', 'convenient', 'unlike', 'ewallet', 'apps', 'lag', 'unresponsive', 'paymaya', 'best', 'feature', 'would', 'also', 'like', 'commend', 'security', 'command', 'secure', 'user', 'access', 'account', 'best', 'far']"
2021-02-28 11:35:29,5,"['thanks', 'nice']"
2021-03-01 04:25:16,5,"['paymaya', 'love', 'excellent']"
2021-03-01 06:02:49,5,"['superbb', 'need', 'bring', 'money', 'whenever', 'go', 'supermarket', 'shop', 'already', 'qr', 'code', 'payment', 'method', 'super', 'convenient', 'side', 'since', 'need', 'scan', 'code', 'payment', 'fast', 'safe', 'way', 'pay', 'something', 'time', 'pandemic']"
2021-03-01 06:51:47,5,"['thank', 'frankly', 'exceed', 'expectation', 'sobrang', 'sulit', 'nitong', 'gamitin', 'every', 'time', 'pay', 'bill', 'online', 'directly', 'nagugulat', 'nalang', 'cashbacks', 'akong', 'natatanggap', 'expect', 'feature', 'make', 'sure', 'every', 'customer', 'feel', 'value', 'get', 'satisfaction', 'dali', 'nitong', 'gamitin', 'super', 'secure', 'pera']"
2021-03-01 15:03:39,5,"['serverfeedback', 'get', 'tire', 'go', 'send', 'money', 'paymaya', 'key', 'get', 'instant', 'access', 'money', 'open', 'way', 'send', 'amount', 'easily']"
2021-03-02 01:19:55,5,['c']
2021-03-02 09:07:18,5,"['recommend', 'application', 'really', 'give', 'need', 'discount', 'voucher', 'highquality', 'service', 'easytouse', 'navigate', 'icon', 'everything', 'perfect', 'really', 'useful', 'everyone', 'help', 'recommend', 'friend', 'well']"
2021-03-02 13:02:09,4,"['convenient', 'enough', 'trouble', 'pay', 'someone', 'via', 'qr', 'code', 'least', 'input', 'number', 'payment', 'instant']"
2021-03-03 01:05:35,5,"['burat', 'think', 'software', 'open', 'people', 'use', 'complicate', 'bata', 'pwedeng', 'gumamit', 'supervision', 'magulang', 'task', 'child', 'simple', 'chore', 'kagaya', 'pagbayad', 'bill', 'online']"
2021-03-03 03:35:03,5,"['ewallet', 'kadalasan', 'need', 'bayad', 'cashin', 'easily', 'cash', 'without', 'pay', 'single', 'cent', 'paymaya', 'andami', 'pang', 'pagpipilian', 'pwede', 'mag', 'cashin', 'tindahan', 'man', 'saang', 'convenient', 'store']"
2021-03-03 04:12:50,5,"['convenient', 'lovely', 'versatile', 'ewallet', 'virtually', 'anything', 'need', 'phone', 'storage', 'online', 'transaction', 'fast', 'flawless', 'well', 'voucher', 'every', 'function', 'sobrang', 'convenient', 'sobrang', 'tipid']"
2021-03-03 06:47:23,5,"['good', 'regard', 'interface', 'wala', 'naman', 'akong', 'masyadong', 'reklamo', 'kasi', 'nag', 'malfunction', 'partthe', 'call', 'qr', 'code', 'use', 'different', 'store', 'kagaya', 'gas', 'station', 'since', 'mahalaga', 'kasi', 'everyday', 'talaga', 'nagpapagas']"
2021-03-03 07:43:47,5,"['convinient', 'apps', 'qr', 'payment', 'method', 'extremely', 'convenient', 'need', 'bring', 'along', 'money', 'order', 'buy', 'favorite', 'fast', 'food', 'get', 'phone', 'pocket', 'use', 'qr', 'scanner', 'easily', 'pay', 'convenient']"
2021-03-03 08:30:24,5,"['awesome', 'ewallet', 'know', 'utility', 'convenience', 'nothing', 'argue', 'application', 'everything', 'work', 'perfectly', 'fine', 'smooth', 'prepaid', 'load', 'discount', 'cashback', 'voucher', 'well', 'something', 'thank', 'enough']"
2021-03-03 11:18:43,5,"['good', 'easy', 'quick', 'service', 'discover', 'experience', 'especially', 'really', 'first', 'time', 'user', 'could', 'simply', 'recommend', 'friend', 'nag', 'papatakbo', 'business', 'kasi', 'pang', 'heavy', 'duty', 'talaga']"
2021-03-03 15:23:01,5,"['good', 'need', 'buy', 'load', 'sarisari', 'store', 'like', 'usually', 'dati', 'already', 'provide', 'prepaid', 'load', 'comfort', 'home', 'mabilis', 'proseso', 'discount']"
2021-03-04 12:32:17,5,"['tirishiaaaaa', 'use', 'business', 'purpose', 'really', 'give', 'lot', 'profit', 'discount', 'paymaya', 'prepay', 'loading', 'station', 'happy', 'customer', 'happy', 'nakakatipid', 'thanks']"
2021-03-04 12:41:45,5,"['jon', 'paymaya', 'sobrang', 'dali', 'mag', 'send', 'pera', 'gamit', 'legit', 'napakabilis', 'rin', 'transaction', 'bagay', 'bagay', 'nasa', 'emegerency', 'work', 'smoothly', 'di', 'nakakaranas', 'annoyance']"
2021-03-05 03:38:08,5,"['lovely', 'one', 'efficient', 'tool', 'come', 'transfer', 'fund', 'kasi', 'matagal', 'maganda', 'sense', 'mong', 'gawin', 'paymaya', 'recommend', 'team']"
2021-03-05 09:03:58,5,"['work', 'dual', 'job', 'nakatulong', 'sakin', 'yung', 'daily', 'task', 'pumapasok', 'commission', 'fara', 'wala', 'namang', 'technical', 'issue', 'nangyayari']"
2021-03-06 12:21:06,5,"['lamzugat', 'kemehan']"
2021-03-08 07:52:12,5,"['bill', 'payment', 'five', 'star', 'enough', 'rate', 'digital', 'wallet', 'nagagamit', 'kasi', 'anong', 'araw', 'oras', 'mapa', 'grocery', 'man', 'mercury', 'lagi', 'itong', 'nirerecommend', 'kakilala']"
2021-03-09 03:00:10,5,"['awesome', 'one', 'best', 'finance', 'philippine']"
2021-03-09 07:40:46,5,"['superb', 'e', 'wallte', 'superb', 'ewallet', 'ever', 'try', 'life', 'convenience', 'fee', 'low', 'cheap', 'also', 'price', 'shop', 'affordable', 'always', 'use', 'buy', 'prepaid', 'load', 'endless', 'discount', 'exclusive', 'promos']"
2021-03-09 14:09:40,4,"['add', 'qr', 'payment', 'please', 'add', 'option', 'generate', 'qr', 'barcode', 'work', 'po', 'scanner', 'merchant', 'user', 'use', 'data', 'wifi', 'pay']"
2021-03-10 01:28:16,5,"['review', 'say', 'bye', 'bye', 'time', 'need', 'pumila', 'makapagpadala', 'lang', 'pera', 'instant', 'kasi', 'pagsesend', 'pera', 'online', 'doable', 'wherever', 'whenever', 'want']"
2021-03-10 03:43:59,5,"['useful', 'age', 'usable', 'kasi', 'recognizable', 'layout', 'basic', 'ui', 'madali', 'lang', 'intindihin', 'sinisiguro', 'talaga', 'nakakatulong', 'user']"
2021-03-10 05:15:05,5,"['great', 'thanks', 'napakadali', 'magpadala', 'pera', 'online', 'efficient', 'convenient', 'gamitin', 'voucher', 'binibigay', 'mapapagamit', 'talaga', 'nitong', 'feature', 'voucher']"
2021-03-11 08:48:14,5,"['joyful', 'mabilis', 'smooth', 'pagpapadala', 'pera', 'kapatid', 'gamit', 'nakukuha', 'rin', 'agad', 'gamit', 'smart', 'padala', 'ever', 'nangailangan', 'anytime', 'nakakapag', 'send', 'sakanila']"
2021-03-11 09:14:17,5,"['superb', 'service', 'secure', 'pinapadala', 'gamit', 'bawas', 'mabilis', 'narereceive', 'kamag', 'anak', 'nakasanayan', 'rin', 'gamitin', 'pag', 'papadala', 'pera']"
2021-03-11 13:47:40,5,"['first', 'time', 'use', 'online', 'purchase', 'fast', 'smooth', 'process']"
2021-03-12 02:00:57,5,"['good', 'good', 'gooods']"
2021-03-12 06:26:43,5,"['discount', 'purchase', 'first', 'never', 'believe', 'give', 'discount', 'purchase', 'try', 'use', 'fell', 'love', 'easily', 'purchase', 'load', 'without', 'go', 'storesvery', 'reccomendable']"
2021-03-12 08:06:15,5,"['wellrecommended', 'mahilig', 'akong', 'kumain', 'fastfood', 'time', 'mag', 'luto', 'buti', 'nalang', 'need', 'mamroblema', 'cash', 'nakakapag', 'bayad', 'gamit', 'qr', 'code', 'hassle', 'mabilisang', 'pagbabayad']"
2021-03-12 10:00:50,5,"['papasok', 'work', 'need', 'munang', 'magpa', 'gasolina', 'petron', 'luckily', 'meron', 'silang', 'qr', 'payment', 'paymaya', 'madaling', 'araw', 'wala', 'pang', 'barya', 'madali', 'lang', 'makakapag', 'bayad']"
2021-03-13 00:44:43,4,"['darkmode', 'please', 'add', 'darkmode', 'apple', 'walletapple', 'watch', 'support', 'thanks', 'power']"
2021-03-13 05:05:26,5,"['salamat', 'many', 'company', 'pwede', 'mong', 'magamit', 'cash', 'branch', 'worry', 'yung', 'client', 'need', 'magpadala', 'fund', 'time', 'need']"
2021-03-13 05:31:35,5,"['helpful', 'see', 'thta', 'constantly', 'update', 'safety', 'feature', 'ensure', 'system', 'date', 'danger', 'cyber', 'world', 'helpful', 'company', 'review', 'problem']"
2021-03-13 14:50:44,5,"['cash', 'cash', 'via', 'bpi', 'account', 'link', 'bpi', 'account', 'number', 'like', 'grabpay', 'smooth', 'cash', 'without', 'log', 'also', 'include', 'bdo', 'metrobank', 'ubp', 'bank', 'lazada', 'pay', 'cash', 'method']"
2021-03-14 05:50:44,5,"['paymaya', 'convenience', 'use', 'hassle', 'thanks', 'paymaya']"
2021-03-15 03:00:56,5,"['excellent', 'paymaya', 'qr', 'payment', 'feature', 'super', 'hassle', 'free', 'user', 'need', 'mag', 'rely', 'cashless', 'lifestyle', 'scatter', 'kasi', 'andaming', 'option', 'choose', 'buy', 'sobrang', 'dali', 'lang', 'rin', 'mag', 'set', 'code', 'easy', 'breezy', 'business', 'purpose']"
2021-03-15 03:05:26,5,"['convenient', 'instead', 'rely', 'traditional', 'payment', 'method', 'find', 'quick', 'good', 'use', 'apps', 'scan', 'pay', 'option', 'convenient', 'efficient', 'safe', 'use']"
2021-03-15 03:38:33,5,"['super', 'helpful', 'believe', 'paymaya', 'supremacy', 'super', 'daling', 'gamitin', 'nagagamit', 'mo', 'talaga', 'maayos', 'matiwasay', 'feature', 'sobrang', 'dali', 'mag', 'navigate', 'kinakailangan', 'mong', 'feature']"
2021-03-16 04:22:37,5,"['satisfied', 'use', 'easy', 'transaction', 'family', 'kasi', 'taga', 'province', 'originally', 'use', 'get', 'daily', 'need', 'qr', 'payment', 'prepay', 'load', 'andaming', 'us', 'convenient']"
2021-03-18 19:55:07,5,"['crizedsoriano', 'phone', 'service', 'really', 'need', 'load', 'beneficial', 'thing', 'luckily', 'company', 'offer', 'best', 'deal', 'discount', 'would', 'save', 'lot', 'resource', 'time']"
2021-03-19 04:20:28,5,"['ja', 'system', 'mechanism', 'really', 'lessen', 'processing', 'time', 'minimum', 'avoid', 'long', 'period', 'wait', 'best', 'fast', 'service', 'experience']"
2021-03-19 04:25:24,5,"['paymaya', 'love', 'useful', 'great', 'use']"
2021-03-20 00:45:23,5,"['useful', 'online', 'transaction', 'pay', 'monthly', 'bill', 'hassle', 'go', 'bayad', 'center', 'thank', 'paymay', 'paymaya', 'online', 'transaction', 'since', 'payment', 'method', 'hassle', 'counter', 'thru', 'atm', 'time', 'rebate', 'cashback', 'promos', 'big', 'plus', 'good', 'user', 'experience', 'design']"
2021-03-20 04:05:29,5,"['impressive', 'complete', 'task', 'use', 'online', 'always', 'phone', 'u', 'need', 'decent', 'internet', 'connection', 'pwede', 'magpaload', 'magamit', 'yung', 'apps', 'mo', 'need', 'mo', 'go']"
2021-03-20 10:15:23,5,"['dark', 'mode', 'please', 'add', 'dark', 'mode', 'feature', 'great']"
2021-03-21 22:09:23,5,"['paymaya', 'perfect', 'pandemic', 'deal', 'right', 'takot', 'kang', 'magbayad', 'bill', 'mo', 'outside', 'home', 'inside', 'online', 'transaction', 'easy', 'use']"
2021-03-22 11:30:11,5,"['ss', 'utility', 'bill', 'choose', 'mobile', 'ewallet', 'week', 'pay', 'use', 'internet', 'connection', 'converge', 'totally', 'surprised', 'balikbayad', 'voucher', 'hahaha', 'look', 'forward', 'voucher']"
2021-03-23 03:12:43,5,"['ugh', 'wow']"
2021-03-23 03:20:32,5,"['thanks', 'paymaya', 'thanks', 'paymaya', 'fast', 'transaction', 'processing', 'bank', 'transfergod', 'bless', 'power']"
2021-03-23 11:04:20,5,"['good', 'title']"
2021-03-23 11:15:31,4,"['login', 'login', 'account', 'good', 'internet', 'connection', 'keep', 'say', 'slow', 'connection']"
2021-03-24 04:41:04,5,"['card', 'good', 'work', 'sooo', 'issue', 'card']"
2021-03-24 13:45:09,5,"['review', 'mapagkakatiwalaan', 'talaga', 'paymaya', 'kakayahan', 'nitong', 'mag', 'track', 'transaction', 'essence', 'kasi', 'malalaman', 'mo', 'nakawan', 'nagaganap', 'transaction', 'track', 'uncertain', 'user']"
2021-03-24 13:51:10,5,"['pay', 'prc', 'renewal', 'transaction', 'easy', 'fast', 'use', 'paymaya']"
2021-03-24 15:08:21,5,"['thank', 'ewallet', 'apps', 'user', 'friendliness', 'one', 'ewallet', 'apps', 'often', 'forget', 'fact', 'make', 'one', 'reason', 'one', 'used', 'ewallet', 'application']"
2021-03-26 02:23:18,5,"['bill', 'payment', 'modern', 'almost', 'necessity', 'bought', 'online', 'online', 'processing', 'great', 'way', 'ensure', 'safety', 'customer', 'period']"
2021-03-26 08:32:22,5,"['review', 'discuss', 'assure', 'operating', 'system', 'mechanism', 'everyone', 'use', 'without', 'spend', 'much', 'time', 'still', 'use', 'place', 'din', 'order', 'convenient']"
2021-03-27 01:47:23,5,"['owner', 'manager', 'shalongs', 'purchase', 'package', 'promo', 'send', 'phone', 'transferable', 'data', 'buy', 'hope', 'apply', 'payment']"
2021-03-29 05:48:32,5,"['excellent', 'part', 'system', 'one', 'way', 'adapt', 'todays', 'world', 'online', 'application', 'serve', 'like', 'virtual', 'bank', 'account', 'excellent', 'place', 'begin', 'new', 'reality']"
2021-03-31 15:14:18,4,"['great', 'okay', 'naman', 'sya', 'load', 'business', 'sometimes', 'free', 'peso', 'yung', 'paymaya', 'depende', 'nacashin', 'ma', 'prefer', 'rin', 'ibang', 'relate', 'lang', 'pag', 'nagloload', 'confirmation', 'receipt', 'narecieve', 'confirmation', 'message', 'paymaya', 'yung', 'recipient', 'yung', 'load', 'pumasok', 'nabawasan', 'yung', 'balance', 'bumabalik', 'ilang', 'day', 'naman', 'far', 'okay', 'sana', 'lang', 'maglagay', 'saving', 'gaya', 'nung']"
2021-04-02 06:13:56,5,"['la', 'talk', 'versatilie', 'load', 'purchasing', 'service', 'fact', 'provide', 'prepaid', 'load', 'telco', 'user', 'sound', 'awesome', 'highly', 'convenient', 'mean', 'provide', 'prepaid', 'load', 'regardless', 'telco', 'use', 'definitely', 'available', 'loading', 'station', 'option']"
2021-04-03 10:57:22,5,"['good', 'well']"
2021-04-04 02:26:08,5,"['paymaya', 'fan', 'online', 'banking', 'gaya', 'ganito', 'parang', 'hawak', 'yung', 'cash', 'place', 'cashless', 'natutulungan', 'neto', 'ginagamit', 'lagi', 'store', 'thso', 'di', 'rahat', 'tumatanggap']"
2021-04-04 11:09:15,5,"['poor', 'apps', 'ur', 'system', 'good', 'always', 'tell', 'look', 'like', 'slow', 'internet', 'connection', 'haller', 'ok', 'lang', 'full', 'signal', 'poyour', 'system', 'break', 'connection', 'e', 'process', 'inyo', 'pro', 'ndi', 'mabuksan', 'ung', 'acct']"
2021-04-04 16:05:37,5,"['paymaya', 'user', 'use', 'paymaya', 'year', 'convient', 'easy', 'use', 'though', 'want', 'ask', 'remove', 'globe', 'service', 'could', 'purchase', 'globe', 'tm', 'load', 'anymore']"
2021-04-04 20:15:35,5,"['give', 'back', 'money', 'week', 'since', 'submit', 'complaint', 'hear', 'back', 'customer', 'support', 'team', 'despite', 'multiple', 'followup', 'account', 'balance', 'appear', 'negative', 'even', 'though', 'still', 'enough', 'money', 'pay', 'monthly', 'subscription', 'next', 'month', 'paymaya', 'lot', 'budget', 'marketing', 'promotion', 'afford', 'decent', 'customer', 'support', 'team', 'chatbots', 'useless', 'email', 'support', 'team', 'unresponsive']"
2021-04-04 22:34:27,5,"['user', 'friendly', 'nice']"
2021-04-05 03:22:24,5,"['suggestion', 'simple', 'suggestion', 'saving', 'feature', 'separate', 'main', 'balance']"
2021-04-05 04:04:58,5,"['carla', 'joyce', 'use', 'business', 'mabilis', 'narereceived', 'payment', 'customer', 'malayo', 'maganda', 'gamitin', 'business', 'talaga']"
2021-04-05 04:54:18,5,"['paymaya', 'best', 'everything', 'facilitate', 'transaction', 'easy', 'smooth', 'pay', 'bill', 'whenever', 'want', 'give', 'cashback', 'first', 'time', 'user', 'hope', 'encourage', 'gamitin']"
2021-04-05 05:12:29,5,"['satisfied', 'masasabi', 'satisfy', 'nako', 'service', 'nitong', 'lalo', 'prepay', 'load', 'ginagamit', 'kasing', 'pantawag', 'customer', 'pamilya', 'di', 'pwedeng', 'mawalan', 'load', 'maaasahan', 'paymaya']"
2021-04-05 05:29:17,5,"['thank', 'paymaya', 'really', 'hesitant', 'use', 'like', 'change', 'buy', 'meal', 'use', 'near', 'store', 'accept', 'really', 'nice']"
2021-04-05 10:12:43,5,"['sksskk', 'pleased', 'performance', 'service', 'first', 'time', 'use', 'pay', 'bill', 'suprisingly', 'get', 'cashbacks', 'say', 'generous']"
2021-04-06 11:18:44,5,"['paymaya', 'nabibigyan', 'nga', 'prepay', 'load', 'nakakakuha', 'balik', 'bayad', 'every', 'prepaid', 'load', 'purchase', 'money', 'efficient', 'talaga', 'mapapagastos', 'sobrang', 'sulit', 'cashbacks', 'sobrang', 'worth', 'talaga', 'every', 'gastos', 'reward', 'bibili', 'load']"
2021-04-06 12:42:09,5,"['legit', 'trust', 'legit']"
2021-04-06 13:32:42,5,"['bank', 'transfer', 'smooth', 'transaction', 'need', 'go', 'bank', 'esp', 'pandemic', 'conveniently', 'bank', 'even', 'night', 'thank', 'much']"
2021-04-07 01:05:31,5,"['pay', 'maya', 'excellent', 'easy', 'register']"
2021-04-07 02:53:17,5,"['easy', 'use', 'safe', 'easy', 'friendly', 'use', 'security', 'use', 'good', 'safe', 'good', 'job', 'pay', 'maya']"
2021-04-07 11:03:08,5,"['include', 'plenty', 'choice', 'include', 'cash', 'account', 'alternative', 'accessible', 'interfacing', 'bank', 'account', 'aim', 'corner', 'store', 'way', 'prevalent', 'application']"
2021-04-08 03:57:17,5,"['good', 'I', 'use', 'paymaya', 'year', 'test', 'water', 'long', 'guy', 'really', 'like', 'stagnant', 'ever', 'change', 'ewallet', 'always', 'pursue', 'great', 'innovation', 'benefit', 'user', 'experience', 'paymaya', 'year', 'ago', 'million', 'mile', 'well', 'today']"
2021-04-08 04:04:41,5,"['brt', 'brt', 'I', 'use', 'paymaya', 'year', 'test', 'water', 'long', 'guy', 'really', 'like', 'stagnant', 'ever', 'change', 'ewallet', 'always', 'pursue', 'great', 'innovation', 'benefit', 'user', 'experience', 'paymaya', 'year', 'ago', 'million', 'mile', 'well', 'today']"
2021-04-08 09:24:31,5,"['good', 'reason', 'use', 'paymaya', 'personal', 'ewallet', 'besides', 'convenience', 'efficiency', 'high', 'success', 'rate', 'understand', 'rin', 'user', 'always', 'show', 'sign', 'compassion', 'continuous', 'cashback', 'promos', 'make', 'month', 'memorable', 'fun', 'lang', 'talaga', 'nakakagawa', 'paymaya', 'way']"
2021-04-08 13:07:29,5,"['ratatat', 'paymaya', 'perfect', 'example', 'application', 'person', 'must', 'smartphones', 'amazing', 'functionality', 'capability', 'make', 'every', 'life', 'well', 'convenient', 'really', 'reduce', 'imbalance', 'daily', 'live', 'try', 'help', 'u', 'task', 'feature']"
2021-04-08 14:03:23,5,"['good', 'everything', 'base', 'performance', 'clearly', 'paymaya', 'win', 'large', 'margin', 'top', 'baby', 'feature', 'focus', 'entirely', 'benefit', 'user', 'especially', 'first', 'time', 'user', 'trust', 'issue', 'come', 'ewallet', 'application']"
2021-04-09 01:28:39,5,"['outstanding', 'predict', 'great', 'thing', 'come', 'update', 'system', 'good', 'offer', 'possible', 'deal', 'u', 'use']"
2021-04-09 08:22:53,5,"['paymaya', 'include', 'trade', 'finance', 'feature', 'allow', 'user', 'store', 'electronic', 'fund', 'different', 'profile', 'disbursement', 'also', 'make', 'platform', 'several', 'network']"
2021-04-10 05:18:45,5,"['bank', 'fund', 'transfer', 'pay', 'maya', 'transfer', 'fast', 'reliablethanks']"
2021-04-11 10:35:51,4,"['problem', 'hello', 'open', 'paymaya', 'lagi', 'nalng', 'internet', 'connection', 'internet', 'nami', 'napakalakas', 'naman', 'cignal', 'please', 'someone', 'help', 'fix', 'bug', 'thank']"
2021-04-11 12:45:17,5,"['convenient', 'sobrang', 'convenient', 'pay', 'bill', 'use', 'like', 'electric', 'bill', 'cable', 'wifi', 'also', 'purchase', 'need', 'stuff', 'online', 'shop', 'apps', 'appear', 'transaction', 'fee', 'transaction', 'pay', 'bill', 'fee', 'go', 'back', 'account', 'cashbacks', 'overwhelmed', 'like', 'digital', 'wallet', 'eg', 'maayos', 'paymaya', 'helpful', 'must', 'give', 'try', 'really', 'convenient', 'as', 'ache', 'less', 'hustle']"
2021-04-11 17:40:43,5,"['amaze', 'hello', 'guy', 'first', 'time', 'review', 'finance', 'one', 'word', 'say', 'awesomeee', 'able', 'get', 'discount', 'money', 'back', 'qr', 'scantopay', 'feature', 'imagine', 'contactless', 'payment', 'plus', 'cashback', 'promo', 'super', 'sulit', 'talaga', 'worth', 'try']"
2021-04-12 04:04:45,5,"['p', 'awesome', 'allow', 'pay', 'whenever', 'whatever', 'want', 'simple', 'use', 'deal', 'suitable', 'everyone', 'life', 'saver', 'also', 'consumable', 'oras']"
2021-04-12 07:11:11,5,"['super', 'love', 'especially', 'bill', 'payment', 'feature', 'ever', 'since', 'try', 'never', 'worry', 'much', 'whenever', 'I', 'pay', 'utility', 'bill', 'fam', 'also', 'always', 'give', 'unique', 'cashback', 'promos', 'every', 'month', 'plus', 'thrifty', 'people', 'like', 'grateful', 'people', 'make', 'possible']"
2021-04-13 01:52:51,5,"['paymaya', 'tuwing', 'bumibili', 'bagong', 'phone', 'first', 'thing', 'download', 'applestore', 'convenient', 'use', 'time', 'lalo', 'pagbabayad', 'bill', 'pagsend', 'money', 'family']"
2021-04-13 01:58:02,5,"['awesome', 'excellent']"
2021-04-13 03:19:10,5,"['rating', 'application', 'take', 'care', 'business', 'ewallet', 'application', 'client', 'place', 'predicament', 'like', 'pandemic', 'correct', 'currently', 'attempt', 'prevail']"
2021-04-13 04:08:20,5,"['best', 'well', 'plan', 'pagdevelop', 'ever', 'since', 'try', 'never', 'nakaexperience', 'technical', 'issue', 'available', 'service', 'excellent', 'ewallet']"
2021-04-13 04:12:51,5,"['best', 'decision', 'download', 'best', 'far', 'use', 'saving', 'account', 'comfortable', 'easy', 'accesible', 'use', 'saving', 'still', 'intact', 'never', 'nabawasan', 'nang', 'nalalaman']"
2021-04-13 11:31:55,5,"['paymaya', 'huuyyyy', 'katuwa', 'talaga', 'buwan', 'buwan', 'promos', 'cashback', 'di', 'malaki', 'transaction', 'fee', 'sulit', 'ginamit', 'pag', 'papadala', 'pag', 'transfer', 'pera']"
2021-04-13 12:05:13,5,"['easy', 'clunky', 'begin', 'certainly', 'top', 'category', 'although', 'fact', 'jampack', 'awesome', 'feature', 'necessitate', 'lot', 'detail']"
2021-04-13 15:56:18,5,"['wow', 'allow', 'create', 'bank', 'account', 'quickly', 'efficiently', 'option', 'favorite', 'bank', 'hundred', 'client']"
2021-04-14 05:17:27,5,"['helpful', 'feature', 'complete', 'faith', 'official', 'vendor', 'software', 'allow', 'best', 'service', 'possible', 'I', 'concern', 'financial', 'resource', 'whether', 'lose']"
2021-04-14 06:19:49,5,"['love', 'fast', 'easy']"
2021-04-14 09:51:53,5,"['feedback', 'good', 'whenever', 'pay', 'bill', 'sometimes', 'give', 'cashbacks', 'every', 'user', 'enjoy', 'perk', 'pay', 'bill', 'use', 'system']"
2021-04-16 05:35:26,5,"['awesome', 'knock', 'sense', 'download', 'I', 'force', 'guy', 'want', 'guy', 'miss', 'lot', 'advantage', 'gift', 'provide', 'cashback', 'voucher', 'discount', 'everywhere', 'application', 'afford', 'miss', 'one']"
2021-04-16 08:05:36,5,"['wow', 'could', 'really', 'seem', 'think', 'straight', 'use', 'ewallet', 'apps', 'complicated', 'change', 'use', 'application', 'give', 'turn', 'change', 'perspective', 'ewallet', 'look', 'like', 'naman', 'pala', 'kailangang', 'komplikado', 'ewallet', 'eh', 'lol']"
2021-04-16 12:18:59,5,"['love', 'download', 'reward', 'lot', 'promos', 'cashback', 'voucher', 'warm', 'welcome', 'first', 'time', 'user', 'keep', 'use', 'long', 'time', 'experience', 'awesome', 'feature', 'gain', 'advantage', 'people', 'win', 'win', 'condition', 'talaga', 'tsaka', 'surely', 'mabubulok', 'phone', 'mo', 'hahanap', 'talaga', 'way', 'makatulong', 'sayo']"
2021-04-16 13:19:03,5,"['appreciate', 'paymaya', 'much', 'helpful', 'make', 'life', 'easy', 'pay', 'bill', 'thank', 'paymaya']"
2021-04-16 16:25:21,5,"['awesome', 'magbayad', 'use', 'paymaya', 'balikbayad', 'voucher', 'thanks']"
2021-04-18 07:27:56,5,"['paymaya', 'convinient', 'minimal', 'charge', 'fee', 'well', 'thanks', 'paymaya']"
2021-04-19 02:59:48,5,"['glaiiccyyy', 'every', 'ewallet', 'respect', 'paymaya', 'ability', 'useful', 'functionality', 'back', 'promise', 'provide', 'convenient', 'high', 'tier', 'service', 'really', 'walk', 'talk', 'showcase', 'handiness', 'situation', 'need', 'lalo', 'pandemic', 'kinakagitnaan', 'natin']"
2021-04-21 01:37:40,5,"['trade', 'incredibly', 'secure', 'security', 'one', 'worry', 'couple', 'gathering', 'cut', 'edge', 'trade', 'large', 'never', 'envision', 'would', 'confide', 'versatile', 'wallet', 'application', 'extent']"
2021-04-21 03:21:17,4,"['wow', 'I', 'never', 'see', 'like', 'account', 'secure', 'hundred', 'percent', 'system', 'good', 'I', 'never', 'experience', 'trouble', 'transaction', 'promos', 'discount', 'every', 'month', 'love', 'much']"
2021-04-22 02:17:06,5,"['use', 'monitor', 'online', 'purchase', 'analyze', 'qr', 'code', 'scan', 'billing', 'counter', 'much', 'practical', 'use', 'cash', 'check', 'take', 'much', 'long']"
2021-04-22 02:57:10,5,"['good', 'would', 'need', 'go', 'online', 'time', 'want', 'something', 'flu', 'epidemic', 'make', 'application', 'extremely', 'helpful', 'certain', 'user', 'device', 'provide', 'wide', 'variety', 'free', 'service']"
2021-04-22 06:14:40,5,"['new', 'deal', 'sale', 'different', 'new', 'deal', 'sale', 'different', 'side', 'job', 'particularly', 'enjoy', 'website', 'several', 'good', 'bargain', 'even', 'pass']"
2021-04-23 00:23:34,5,"['add', 'game', 'epic', 'loading', 'section', 'huge', 'player', 'base', 'fortnite', 'rocket', 'league', 'add', 'gaming', 'pin', 'section', 'also', 'keep', 'good', 'work']"
2021-04-24 03:31:52,5,"['one', 'best', 'philippine', 'one', 'best', 'philippine', 'especially', 'rebate', 'best']"
2021-04-24 09:05:51,5,"['super', 'great', 'application', 'ideal', 'people', 'would', 'truly', 'prefer', 'pay', 'cash', 'application', 'qr', 'portion', 'incorporate', 'incredibly', 'useful', 'invaluable', 'difficult', 'use', 'incredible', 'ui']"
2021-04-26 03:49:43,5,"['ge', 'similar', 'sector', 'qr', 'code', 'operational', 'expense', 'also', 'secure', 'add', 'make', 'experience', 'consuming', 'gas', 'demand', 'blind', 'smooth']"
2021-04-26 03:54:58,5,"['pay', 'maya', 'always', 'enjoy', 'shop', 'cut', 'cost', 'challenge', 'qr', 'code', 'must', 'scan', 'move', 'accomplish', 'short', 'amount', 'time']"
2021-04-26 05:43:11,5,"['paymaya', 'I', 'would', 'like', 'get', 'discussion', 'attempt', 'persuade', 'computer', 'secure', 'hand', 'company', 'exploit', 'offer', 'opportunity', 'part', 'competitive', 'value', 'different', 'also', 'create', 'business', 'model']"
2021-04-26 06:15:20,5,"['highly', 'recommended', 'feeling', 'buhay', 'talaga', 'sobrang', 'comfortable', 'mo', 'andami', 'kasing', 'way', 'matulungan', 'dami', 'feature', 'available', 'pati', 'functionality', 'high', 'end', 'talaga', 'lang', 'smooth', 'mong', 'transaction', 'safe', 'rin', 'date', 'security']"
2021-04-26 10:10:53,5,"['rate', 'first', 'time', 'use', 'paymaya', 'hassle', 'easy', 'use', 'I', 'glad', 'try']"
2021-04-26 17:24:07,5,"['star', 'moment', 'I', 'still', 'enjoy', 'buy', 'load', 'problem', 'load', 'offering', 'mura', 'easy', 'navigate', 'h', 'unli', 'cashback', 'feature', 'purchase', 'load', 'sinong', 'gagamit', 'matutuwa', 'maayos', 'serbisyo']"
2021-04-27 03:38:31,5,['convenient']
2021-04-27 12:21:47,5,"['good', 'able', 'speed', 'device', 'almost', 'completely', 'come', 'software', 'functionality', 'operating', 'system', 'work', 'well', 'since', 'unemployment', 'condition', 'extremely', 'significant', 'include', 'advisory']"
2021-04-27 12:52:21,5,"['paymaya', 'want', 'commend', 'help', 'slow', 'spread', 'virus', 'different', 'service', 'instead', 'go', 'pay', 'bill', 'actually', 'comfort', 'home', 'use', 'apps', 'bill', 'payment', 'feature', 'also', 'give', 'cashbacks', 'worth', 'peso', 'unique', 'bill', 'pay']"
2021-04-27 13:13:23,5,"['paymaya', 'qr', 'payment', 'feature', 'perfect', 'access', 'point', 'people', 'want', 'transition', 'life', 'online', 'lifestyle', 'scan', 'pay', 'option', 'destroy', 'possibility', 'get', 'contaminate', 'disease', 'also', 'make', 'life', 'simpler', 'apps', 'feature']"
2021-04-28 08:34:32,5,"['easy', 'use', 'akala', 'ibubuga', 'itong', 'simple', 'lang', 'yung', 'design', 'nya', 'wrong', 'maayos', 'organize', 'category', 'information', 'wala', 'masyadong', 'maintenance', 'still', 'yung', 'performance', 'smooth']"
2021-04-30 22:24:08,5,"['paymaya', 'great', 'feature', 'secure', 'e', 'wallet', 'lot', 'freebie', 'promos', 'surely', 'enjoy', 'kudos', 'developer', 'keep']"
2021-05-01 04:41:52,4,"['hi', 'hhjkjggv']"
2021-05-01 05:19:05,5,"['paymaya', 'platform', 'great', 'deal', 'experience', 'since', 'often', 'require', 'excellent', 'functionality', 'company', 'implementation']"
2021-05-02 11:27:58,5,"['would', 'say', 'pretty', 'good', 'get', 'hacked', 'money', 'still', 'place']"
2021-05-03 08:40:58,5,"['cdcd', 'vfds']"
2021-05-04 00:59:02,5,"['good', 'together', 'online', 'banking', 'system', 'interface', 'offer', 'vast', 'number', 'option', 'user', 'pick', 'preferred', 'bank', 'ton', 'transfer', 'money', 'cheap', 'option']"
2021-05-04 04:07:21,5,"['rate', 'shock', 'possible', 'move', 'fund', 'account', 'without', 'pay', 'hefty', 'sum', 'money', 'charge', 'really', 'expensive', 'pay', 'forward']"
2021-05-05 03:01:32,5,"['paymaya', 'review', 'outset', 'think', 'peculiar', 'helpful', 'application', 'repercussion', 'remuneration', 'case', 'point', 'discover', 'exactly', 'ewallet', 'application', 'paymaya', 'wake', 'utilize', 'application', 'even', 'one', 'time', 'ought', 'view', 'elite']"
2021-05-07 02:33:31,5,"['bobo', 'tagal']"
2021-05-07 03:54:13,5,"['bug', 'paymaya', 'I', 'try', 'log', 'account', 'use', 'application', 'show', 'slow', 'internet', 'log', 'please', 'fix', 'strong', 'internet', 'log', 'thanks']"
2021-05-07 07:42:09,5,"['good', 'creator', 'provide', 'effective', 'feature', 'allow', 'user', 'save', 'money', 'choose', 'special', 'bargain', 'online', 'benefit', 'excellent', 'customer', 'service', 'low', 'price', 'possible']"
2021-05-07 12:12:49,5,"['ease', 'use', 'prefer', 'paymaya', 'anybody', 'elses', 'payment', 'service']"
2021-05-09 10:17:37,5,"['lodi', 'ganda']"
2021-05-10 01:34:55,5,"['love', 'every', 'delivery', 'sweet', 'awesome', 'card', 'paymaya', 'card', 'awesome', 'get', 'easy', 'pesos', 'worth', 'cashbacks', 'pay', 'delivery', 'use', 'paymaya', 'card', 'even', 'realize', 'exclusive', 'promo', 'till', 'day', 'like']"
2021-05-10 20:00:55,5,"['review', 'easily', 'divide', 'responsibility', 'capability', 'utilize', 'feature', 'functionality', 'could', 'easily', 'offer', 'konting', 'konti', 'lang', 'talaga', 'iisipin', 'bagay', 'importanteng', 'gawin', 'nababawasan', 'kasi', 'gawain', 'really', 'convenient']"
2021-05-11 03:09:07,5,"['review', 'great', 'convenient', 'service', 'pay', 'bill']"
2021-05-11 04:05:07,5,"['pay', 'fact', 'loading', 'station', 'amazing', 'enough', 'extended', 'cashback', 'every', 'prepaid', 'load', 'purchase', 'well', 'different', 'really', 'know', 'deal', 'know', 'fully', 'help', 'user', 'without', 'limit', 'restriction', 'whatsoever']"
2021-05-12 01:19:47,5,"['useful', 'pay', 'subscription', 'amazon', 'webtoons', 'even', 'bill', 'great', 'say', 'though', 'would', 'like', 'access', 'even', 'without', 'data', 'possible', 'anymore', 'tell', 'also', 'use', 'load', 'lol']"
2021-05-12 07:16:41,5,"['bendashhur', 'look', 'like', 'ordinary', 'try', 'uulitulitin', 'mo', 'yung', 'paggamit', 'naadik', 'sobra', 'lalo', 'pagdeposit', 'pera', 'bank', 'account', 'gawin', 'mo', 'mapapabilis', 'kuskosbalungos', 'instant', 'transaction']"
2021-05-12 16:14:28,5,"['great', 'willl', 'use', 'business', 'launch', 'since', 'prove', 'reliable', 'partner', 'financial', 'career']"
2021-05-12 18:39:09,5,"['paymaya', 'exelent']"
2021-05-13 05:10:59,5,"['nice', 'despite', 'fact', 'real', 'account', 'evaluation', 'process', 'take', 'second', 'need', 'hurry', 'wait', 'age', 'shift', 'fund', 'even', 'reply', 'program', 'go', 'good']"
2021-05-13 23:40:54,4,"['paymaya', 'review', 'sometimes', 'lag', 'ok', 'naman']"
2021-05-14 03:50:59,5,"['rating', 'naman', 'talaga', 'palagamit', 'mapigilan', 'umasa', 'ewallet', 'ganito', 'kagaling', 'pagbigay', 'online', 'service', 'halo', 'kasi', 'need', 'gawin', 'bahay', 'labas', 'nandito', 'eh', 'rin', 'nagkakaroon', 'problema', 'come', 'pagpapadala', 'since', 'capable', 'rin', 'naman']"
2021-05-14 07:09:33,5,"['great', 'paymaya', 'mall', 'online', 'shopping', 'feature', 'help', 'sake', 'convenience', 'also', 'secure', 'money', 'user', 'contactless', 'transaction', 'comfortability', 'world', 'palm', 'hand', 'rely', 'paymaya', 'mall', 'amazing', 'functionality']"
2021-05-14 09:27:42,5,"['keep', 'want', 'extra', 'careful', 'handle', 'physical', 'money', 'perfect', 'way', 'transition', 'cashless', 'lifestyle', 'surely', 'pandemic', 'situation', 'never', 'threat', 'highly', 'covenient', 'feature', 'purchase', 'long', 'require', 'close', 'contact', 'confirmation', 'transaction']"
2021-05-18 03:01:41,5,"['good', 'cardholder', 'like', 'never', 'experience', 'much', 'convenience', 'simply', 'tap', 'card', 'contactless', 'pos', 'terminal', 'kasi', 'napapabilis', 'talaga', 'payment', 'mas', 'nagiging', 'convenient', 'smoothness', 'transaction', 'nagagawa', 'tulong', 'napakadami', 'rin', 'shop', 'pwedeng', 'pagbilhan', 'website', 'sulit', 'sulit', 'paggamit', 'lagi']"
2021-05-18 04:32:48,5,"['review', 'capable', 'provide', 'prepay', 'load', 'even', 'use', 'give', 'load', 'love', 'one', 'gift', 'something', 'like', 'natural', 'breath', 'easy', 'show', 'care', 'use']"
2021-05-19 00:51:55,5,"['good', 'software', 'fantastic', 'send', 'balikbayad', 'look', 'notwithstanding', 'centre', 'ewallet', 'programme', 'precisely', 'first', 'ideal', 'chance', 'deal', 'bill', 'use', 'programme', 'elevate', 'dish']"
2021-05-19 04:00:16,5,"['good', 'I', 'would', 'like', 'commend', 'best', 'ewallet', 'utility', 'bill', 'payment', 'load', 'purchase', 'money', 'transfer', 'useful', 'simple', 'use', 'save', 'time', 'would', 'spend', 'go', 'payment', 'centre', 'pay', 'bill', 'plus', 'cashback', 'promotion', 'really', 'appeal']"
2021-05-20 03:36:37,5,"['paymaya', 'product', 'simple', 'use', 'understand', 'best', 'part', 'unite', 'everything', 'unlike', 'ewallet', 'application', 'slow', 'latent', 'I', 'would', 'also', 'like', 'commend', 'application', 'security', 'request', 'acquire', 'leave', 'customer', 'approach', 'data', 'far', 'best', 'place', 'stay']"
2021-05-20 15:43:49,5,"['great', 'application', 'mommy', 'I', 'conscious', 'budget', 'everytime', 'payment', 'purchase', 'compute', 'ensure', 'totallity', 'spending', 'favourably', 'I', 'use', 'ability', 'track', 'previous', 'present', 'transaction', 'help', 'stay', 'tract', 'budget']"
2021-05-21 01:38:36,5,"['feedback', 'convenient']"
2021-05-21 10:44:31,5,"['good', 'rating', 'good', 'working']"
2021-05-24 00:41:25,5,"['game', 'pin', 'available', 'game', 'pin', 'available', 'io', 'store', 'go', 'give']"
2021-05-24 01:45:31,5,"['accesibility', 'feature', 'application', 'spot', 'since', 'always', 'check', 'account', 'everytime', 'need', 'monitor', 'transaction', 'anytime']"
2021-05-24 02:00:29,5,"['great', 'application', 'lang', 'nalaman', 'pwedeng', 'pwede', 'pala', 'gamitin', 'grocery', 'parang', 'akong', 'naalisan', 'tinik', 'lalamunan', 'nung', 'nalaman', 'palang', 'gawin', 'ganung', 'bagay', 'kasi', 'mamomroblema', 'pagkain', 'within', 'week', 'pati', 'beauty', 'product', 'bilhin', 'makikita', 'rin', 'talaga', 'look', 'good', 'parin', 'busy', 'work']"
2021-05-24 05:38:15,5,"['paymaya', 'easy', 'like', 'application', 'look', 'neat', 'quite', 'organize', 'every', 'feature', 'put', 'place', 'easily', 'see', 'navigationally', 'easy', 'even', 'paymaya', 'mall', 'thing', 'sell', 'categorize', 'skip', 'hassle', 'thing', 'need', 'find', 'item', 'want', 'buy']"
2021-05-24 06:49:59,5,"['feedback', 'digital', 'economy', 'much', 'fun', 'must', 'handle', 'appropriately', 'process', 'purchase', 'provider', 'accept', 'variety', 'different', 'financial', 'instrument', 'ensure', 'investment', 'safe', 'goal', 'fulfil', 'efficiently']"
2021-05-24 08:22:42,5,"['review', 'honestly', 'use', 'application', 'since', 'transparency', 'record', 'need', 'make', 'transaction', 'business', 'dealing']"
2021-05-24 16:17:28,5,"['amaze', 'power', 'frequently', 'excess', 'cash', 'ewallet', 'use', 'offer', 'discount', 'code', 'use', 'program']"
2021-05-25 04:47:47,5,"['nice', 'far', 'know', 'offer', 'free', 'charge', 'term', 'avail', 'monetary', 'service', 'send', 'receive', 'fund', 'different', 'source', 'bank']"
2021-05-26 05:07:09,5,"['awesome', 'number', 'currency']"
2021-05-26 05:47:15,5,"['easily', 'get', 'balik', 'bayad', 'use', 'paymaya', 'virtual', 'card', 'amaze', 'fun', 'shop', 'online', 'cashbacks', 'well', 'one', 'major', 'reason', 'keep', 'use', 'sobrang', 'saya', 'lang', 'talaga', 'nakaabang', 'benefit', 'user', 'everytime', 'I', 'use', 'card', 'feature']"
2021-05-26 11:29:45,4,"['hope', 'see', 'reward', 'mission', 'tab']"
2021-05-26 13:45:10,5,"['hi', 'upgrade', 'paymaya', 'account', 'use', 'postal', 'id', 'issue', 'january']"
2021-05-27 01:50:16,5,"['nice', 'paymaya', 'literally', 'life', 'hack', 'ewallet', 'application', 'feature', 'hand', 'command', 'lot', 'thing', 'feature', 'limitless', 'potential', 'basically', 'work', 'divide', 'responsibility', 'half', 'order', 'make', 'focus', 'important', 'thing', 'without', 'distraction', 'others', 'apps', 'ability', 'reduce', 'work', 'user']"
2021-05-27 07:01:40,5,"['seemingly', 'unfathomable', 'length', 'time', 'scourge', 'basically', 'buy', 'load', 'retailer', 'yet', 'find', 'couple', 'choice', 'program', 'really', 'offer', 'limitation', 'buy', 'load', 'set', 'aside', 'great', 'deal', 'cash', 'month', 'account', 'program', 'likewise', 'procure', 'another', 'kind', 'income', 'since', 'assemble', 'prepaid', 'load', 'organization']"
2021-05-28 07:22:49,5,"['excellent', 'application', 'modify', 'trade', 'essentially', 'safe', 'simpler', 'follow', 'thus', 'judiciously', 'lessen', 'probability', 'terrorizing', 'online', 'crime', 'current', 'application', 'prosperity', 'exceptionally', 'extraordinary', 'center', 'around', 'security', 'likewise', 'zeroing', 'demand', 'ensure', 'customer', 'finish', 'affirmation']"
2021-05-28 11:28:24,5,"['bill', 'payment', 'pay', 'store', 'convinient', 'pay', 'maya', 'phone', 'need', 'carry', 'cash', 'usual', 'go', 'store', 'thank', 'pay', 'maya']"
2021-05-28 12:04:55,5,"['nice', 'really', 'love', 'paymaya', 'convenient', 'online', 'purchase', 'lot', 'help', 'covid', 'lockdown', 'start', 'grocery', 'online', 'pay', 'pay', 'use', 'paymaya']"
2021-05-29 11:51:47,5,"['review', 'first', 'time', 'lay', 'eye', 'alam', 'maibubuga', 'exceptional', 'simple', 'man', 'yung', 'design', 'nya', 'performance', 'majestic', 'practical', 'newbie', 'oldie', 'madaling', 'matutunan', 'paggamit', 'organize', 'part']"
2021-05-29 11:58:19,5,"['effectively', 'nitong', 'nababawasan', 'intindihin', 'pagbabayad', 'monthly', 'contibution', 'government', 'office', 'need', 'pumila', 'mahaba', 'tiisin', 'init', 'stresfull', 'experience', 'use', 'immediately', 'pay', 'agad', 'contribution']"
2021-05-29 14:38:20,5,"['review', 'qr', 'give', 'impression', 'short', 'depiction', 'whereupon', 'item', 'depend', 'later', 'lot', 'fun', 'fast', 'helpful', 'hold']"
2021-05-29 15:35:54,5,"['secure', 'incomprehensibly', 'protect', 'exchange', 'consider', 'everything', 'security', 'one', 'worry', 'couple', 'gathering', 'concern', 'bleeding', 'edge', 'exchange', 'never', 'envision', 'would', 'place', 'undeniable', 'degree', 'confidence', 'multifunctional', 'wallet', 'application']"
